,pdb,epitope_numbering
0,7qiv,"['756', '758', '759', '760', '761', '762', '828', '829', '855', '858', '860', '916', '918', '919', '920', '921', '922']"
1,6fe4,"['31', '33', '34', '35', '36', '37', '39', '48', '49', '50', '51', '72', '73', '74', '76', '77', '78', '79', '80', '81', '82']"
2,5l21,"['903', '904', '905', '907', '908', '909', '915', '917', '918', '919', '953', '954', '1063', '1064', '1066', '1106', '1108', '1109', '1110', '1112', '1144', '1145', '1146', '1155', '1159', '1161', '1185', '1187', '1188', '1189', '1190', '1287', '1289', '1292', '1293', '1294', '1295']"
3,7a17,"['626', '627', '628', '629', '631', '642', '644', '647', '648', '650', '651', '652', '653', '654', '655', '677', '714', '715']"
4,6h7o,"['76', '80', '135', '139', '142', '143', '144', '145', '146', '147', '150', '227', '230', '233', '234', '237', '238', '240', '241', '272', '273', '279', '282', '283', '284', '285', '287', '288', '291', '292', '295', '342', '343', '345', '346', '347']"
5,5ja9,"['10', '12', '13', '14', '16', '17', '18', '66', '79', '80', '81', '82', '86', '87', '89', '90', '94', '97', '98', '101']"
6,7aqy,"['100', '101', '104', '107', '108', '111', '112', '116', '277', '278', '279', '280', '283', '284', '285', '286', '290', '295', '296', '297', '298', '299', '301', '302', '305', '313', '314', '315', '316', '319', '320']"
7,7aqy,"['100', '101', '104', '107', '108', '111', '112', '116', '278', '280', '283', '284', '285', '286', '288', '290', '292', '295', '296', '297', '298', '299', '300', '301', '302', '305', '316', '319', '320', '330']"
8,4u3x,"['34', '35', '45', '46', '47', '48', '49', '50', '52', '57', '59', '61', '62', '63', '70', '71', '101', '103', '106', '107', '108', '109', '110', '112']"
9,5y7z,"['41', '43', '44', '56', '58', '59', '60', '61', '62', '63', '64', '65', '124', '125', '126', '127', '183', '184', '332', '333', '334', '335']"
10,5fuc,"['19', '20', '22', '23', '26', '75', '78', '80', '182', '183', '184']"
11,5fuc,"['216', '218', '219', '220', '221', '226', '227', '228', '229', '231', '254', '255', '256', '257']"
12,7t5f,"['123', '124', '125', '127', '128', '130', '132', '133', '307', '308', '309', '310', '311', '313', '314', '318']"
13,7t5f,"['10', '14', '21', '29', '30', '31', '32', '33', '34', '35', '48', '49', '51', '54', '55', '56', '57', '59', '60', '61', '76', '77', '78', '79', '80', '82', '85', '141', '144', '145', '146', '147', '149']"
14,7t5f,"['123', '124', '125', '127', '128', '130', '132', '133', '307', '308', '309', '310', '311', '313', '314', '318']"
15,7t5f,"['10', '14', '21', '29', '30', '31', '32', '33', '34', '35', '48', '49', '51', '54', '55', '56', '57', '59', '60', '61', '76', '77', '78', '79', '80', '82', '85', '141', '144', '145', '146', '147', '149']"
16,2p42,"['4', '59', '60', '61', '62', '63', '64', '68', '69', '70', '71', '73', '76', '110', '111', '112', '115', '118']"
17,7n0r,"['52', '74', '75', '76', '77', '78', '79', '80', '81', '82', '142', '144', '145', '146', '147', '150', '153', '154', '157', '158', '160']"
18,4ios,"['68', '70', '74', '76', '78', '89', '90', '91', '92', '93', '94', '95', '126', '150', '151', '152', '153', '155']"
19,5lwf,"['98', '99', '100', '101', '102', '103', '104', '136', '140', '145', '163', '164', '165', '166', '167', '168', '171', '178', '270']"
20,3k74,"['17', '18', '19', '20', '21', '22', '23', '116', '117', '118', '119', '120', '143', '144', '145', '146', '147', '148', '149']"
21,7oau,[]
22,7dv4,"['33', '35', '37', '48', '49', '50', '51', '53', '54', '55', '58', '61', '62', '63', '64', '65', '95', '97', '99', '100', '104']"
23,4w2q,"['640', '663', '667', '669', '672', '675', '676', '678', '679', '682', '683', '684', '686', '687', '690', '691', '694', '695']"
24,4s10,"['193', '196', '198', '228', '230', '232', '233', '234', '238', '239', '240', '241', '242', '244', '245', '248', '249']"
25,6hjy,"['112', '113', '125', '127', '129', '141', '169', '170', '171', '172', '173', '174', '175', '176', '177', '184', '187', '190', '192', '194']"
26,5m2m,"['20', '21', '22', '23', '24', '25', '65', '66', '67', '68', '69', '70', '104', '105', '107', '111', '137', '138', '139', '140', '141', '142', '143', '144', '145', '146']"
27,2x89,"['40', '41', '42', '43', '44', '45', '46', '47', '73', '75', '76', '77', '78', '79', '81']"
28,2x89,"['6', '8', '9', '10', '26', '28', '29', '60', '61', '62', '63', '65']"
29,4nc1,"['74', '75', '85', '88', '89', '90', '91', '94', '97', '103', '106', '107', '108', '109', '110', '111', '112', '131', '133', '135', '159', '160']"
30,4nc1,"['229', '237', '238', '239', '240', '241', '242', '243', '245', '246', '247', '248', '249', '257']"
31,4nc1,"['74', '75', '85', '88', '89', '90', '91', '94', '97', '103', '106', '107', '108', '109', '110', '111', '112', '131', '133', '135', '159', '160']"
32,4nc1,"['229', '237', '238', '239', '240', '241', '242', '243', '245', '246', '247', '248', '249', '257']"
33,7m1h,"['2', '3', '5', '39', '40', '41', '99', '105', '109', '112', '113', '115', '306', '307', '308', '309', '311', '312', '315', '316', '318', '319', '322']"
34,7m1h,"['13', '14', '15', '21', '23', '29', '30', '31', '32', '136', '138', '139', '140', '141', '142', '143', '144']"
35,7m1h,"['2', '4', '5', '6', '7', '89', '92', '93', '96', '100', '379', '381', '382', '383', '385', '386', '387', '388', '392', '393', '394', '395', '408', '409', '410', '411', '412']"
36,7m1h,"['26', '27', '29', '31', '50', '52', '53', '54', '55', '57', '58', '60', '120', '122', '165', '166', '167', '168', '169', '170', '171', '172', '173', '174', '175', '176', '177', '182', '185', '187', '231', '239']"
37,7m1h,"['63', '64', '65', '66', '67', '68', '69', '70', '159', '162', '163', '164', '239', '242', '251', '253', '254', '255', '256', '257', '258', '259', '262', '363', '366', '368', '369', '370', '421', '422', '423', '424', '425', '426', '428', '429']"
38,7m1h,"['102', '103', '105', '106', '279', '280', '283', '334', '335', '336', '339', '340', '342', '343', '344', '346', '347', '348', '349', '353', '356', '357']"
39,7m1h,"['2', '3', '5', '39', '40', '41', '99', '105', '109', '112', '113', '115', '306', '307', '308', '309', '311', '312', '315', '316', '318', '319', '322']"
40,7m1h,"['13', '14', '15', '21', '23', '29', '30', '31', '32', '136', '138', '139', '140', '141', '142', '143', '144']"
41,7m1h,"['2', '4', '5', '6', '7', '89', '92', '93', '96', '100', '379', '381', '382', '383', '385', '386', '387', '388', '392', '393', '394', '395', '408', '409', '410', '411', '412']"
42,7m1h,"['26', '27', '29', '31', '50', '52', '53', '54', '55', '57', '58', '60', '120', '122', '165', '166', '167', '168', '169', '170', '171', '172', '173', '174', '175', '176', '177', '182', '185', '187', '231', '239']"
43,7m1h,"['63', '64', '65', '66', '67', '68', '69', '70', '159', '162', '163', '164', '239', '242', '251', '253', '254', '255', '256', '257', '258', '259', '262', '363', '366', '368', '369', '370', '421', '422', '423', '424', '425', '426', '428', '429']"
44,7m1h,"['102', '103', '105', '106', '279', '280', '283', '334', '335', '336', '339', '340', '342', '343', '344', '346', '347', '348', '349', '353', '356', '357']"
45,7m1h,"['2', '3', '5', '39', '40', '41', '99', '105', '109', '112', '113', '115', '306', '307', '308', '309', '311', '312', '315', '316', '318', '319', '322']"
46,7m1h,"['13', '14', '15', '21', '23', '29', '30', '31', '32', '136', '138', '139', '140', '141', '142', '143', '144']"
47,7m1h,"['2', '4', '5', '6', '7', '89', '92', '93', '96', '100', '379', '381', '382', '383', '385', '386', '387', '388', '392', '393', '394', '395', '408', '409', '410', '411', '412']"
48,7m1h,"['26', '27', '29', '31', '50', '52', '53', '54', '55', '57', '58', '60', '120', '122', '165', '166', '167', '168', '169', '170', '171', '172', '173', '174', '175', '176', '177', '182', '185', '187', '231', '239']"
49,7m1h,"['63', '64', '65', '66', '67', '68', '69', '70', '159', '162', '163', '164', '239', '242', '251', '253', '254', '255', '256', '257', '258', '259', '262', '363', '366', '368', '369', '370', '421', '422', '423', '424', '425', '426', '428', '429']"
50,7m1h,"['102', '103', '105', '106', '279', '280', '283', '334', '335', '336', '339', '340', '342', '343', '344', '346', '347', '348', '349', '353', '356', '357']"
51,7m1h,"['2', '3', '5', '39', '40', '41', '99', '105', '109', '112', '113', '115', '306', '307', '308', '309', '311', '312', '315', '316', '318', '319', '322']"
52,7m1h,"['13', '14', '15', '21', '23', '29', '30', '31', '32', '136', '138', '139', '140', '141', '142', '143', '144']"
53,7m1h,"['2', '4', '5', '6', '7', '89', '92', '93', '96', '100', '379', '381', '382', '383', '385', '386', '387', '388', '392', '393', '394', '395', '408', '409', '410', '411', '412']"
54,7m1h,"['26', '27', '29', '31', '50', '52', '53', '54', '55', '57', '58', '60', '120', '122', '165', '166', '167', '168', '169', '170', '171', '172', '173', '174', '175', '176', '177', '182', '185', '187', '231', '239']"
55,7m1h,"['63', '64', '65', '66', '67', '68', '69', '70', '159', '162', '163', '164', '239', '242', '251', '253', '254', '255', '256', '257', '258', '259', '262', '363', '366', '368', '369', '370', '421', '422', '423', '424', '425', '426', '428', '429']"
56,7m1h,"['102', '103', '105', '106', '279', '280', '283', '334', '335', '336', '339', '340', '342', '343', '344', '346', '347', '348', '349', '353', '356', '357']"
57,7m1h,"['2', '3', '5', '39', '40', '41', '99', '105', '109', '112', '113', '115', '306', '307', '308', '309', '311', '312', '315', '316', '318', '319', '322']"
58,7m1h,"['13', '14', '15', '21', '23', '29', '30', '31', '32', '136', '138', '139', '140', '141', '142', '143', '144']"
59,7m1h,"['2', '4', '5', '6', '7', '89', '92', '93', '96', '100', '379', '381', '382', '383', '385', '386', '387', '388', '392', '393', '394', '395', '408', '409', '410', '411', '412']"
60,7m1h,"['26', '27', '29', '31', '50', '52', '53', '54', '55', '57', '58', '60', '120', '122', '165', '166', '167', '168', '169', '170', '171', '172', '173', '174', '175', '176', '177', '182', '185', '187', '231', '239']"
61,7m1h,"['63', '64', '65', '66', '67', '68', '69', '70', '159', '162', '163', '164', '239', '242', '251', '253', '254', '255', '256', '257', '258', '259', '262', '363', '366', '368', '369', '370', '421', '422', '423', '424', '425', '426', '428', '429']"
62,7m1h,"['102', '103', '105', '106', '279', '280', '283', '334', '335', '336', '339', '340', '342', '343', '344', '346', '347', '348', '349', '353', '356', '357']"
63,7m1h,"['2', '3', '5', '39', '40', '41', '99', '105', '109', '112', '113', '115', '306', '307', '308', '309', '311', '312', '315', '316', '318', '319', '322']"
64,7m1h,"['13', '14', '15', '21', '23', '29', '30', '31', '32', '136', '138', '139', '140', '141', '142', '143', '144']"
65,7m1h,"['2', '4', '5', '6', '7', '89', '92', '93', '96', '100', '379', '381', '382', '383', '385', '386', '387', '388', '392', '393', '394', '395', '408', '409', '410', '411', '412']"
66,7m1h,"['26', '27', '29', '31', '50', '52', '53', '54', '55', '57', '58', '60', '120', '122', '165', '166', '167', '168', '169', '170', '171', '172', '173', '174', '175', '176', '177', '182', '185', '187', '231', '239']"
67,7m1h,"['63', '64', '65', '66', '67', '68', '69', '70', '159', '162', '163', '164', '239', '242', '251', '253', '254', '255', '256', '257', '258', '259', '262', '363', '366', '368', '369', '370', '421', '422', '423', '424', '425', '426', '428', '429']"
68,7m1h,"['102', '103', '105', '106', '279', '280', '283', '334', '335', '336', '339', '340', '342', '343', '344', '346', '347', '348', '349', '353', '356', '357']"
69,6z2m,"['444', '446', '448', '449', '450', '452', '455', '456', '470', '472', '482', '483', '484', '485', '489', '490', '492', '493', '494']"
70,4orz,"['132', '133', '134', '135', '137', '139', '148', '150', '151', '154', '155', '156', '157', '188', '190', '192', '195', '196', '197', '198', '201', '202', '203']"
71,5ovw,"['29', '30', '31', '48', '49', '50', '64', '65', '66', '67', '68', '85', '87', '88', '89', '90', '162', '163', '164', '165', '166', '168', '176', '194', '195', '196', '198', '215', '216', '220', '223', '241', '245']"
72,5m14,"['12', '13', '14', '15', '41', '42', '44', '45', '49', '65', '66', '111', '150', '152', '153', '155', '156', '207', '209', '210', '211', '212', '214', '230', '330', '337', '338', '340', '341', '344', '348']"
73,5usf,"['387', '389', '390', '486', '487', '488', '489', '491', '493', '497', '520', '521', '523', '524', '527', '541', '542', '543', '544', '545', '547', '548', '549', '551', '553', '554', '556', '557', '558', '560', '565', '567', '589', '590', '595']"
74,5ip4,"['258', '259', '260', '262', '274', '275', '276', '277', '278', '279', '280', '281', '284', '286', '290', '291', '294', '295', '297', '298', '300']"
75,5f93,"['44', '45', '48', '49', '51', '52', '368', '369', '372', '376', '379', '381', '382', '430', '434', '437', '438', '440', '441', '442', '444', '445', '447', '448', '451', '452', '456']"
76,6gkd,"['457', '458', '459', '549', '550', '551', '552', '575', '576', '577', '578', '579', '580', '581', '583', '605', '606', '607', '608', '610', '618', '620', '625', '626', '633', '636']"
77,6gkd,"['512', '514', '515', '518', '519', '521', '522', '527', '530', '531', '534', '535', '536', '537']"
78,6gkd,"['457', '458', '459', '529', '549', '550', '551', '552', '555', '575', '576', '577', '578', '579', '580', '581', '583', '605', '606', '607', '608', '610', '618', '636']"
79,6gkd,"['503', '512', '514', '515', '517', '518', '519', '521', '522', '527', '530', '531', '532', '533', '534', '535', '536', '537', '538']"
80,6gkd,"['512', '514', '515', '518', '519', '521', '522', '527', '530', '531', '532', '533', '534', '535', '536', '537', '538']"
81,6gkd,"['457', '458', '459', '549', '550', '551', '552', '575', '576', '577', '578', '579', '580', '581', '583', '605', '606', '607', '608', '610', '618', '620', '625', '626', '633', '636']"
82,6gkd,"['512', '514', '515', '518', '519', '521', '522', '527', '530', '531', '534', '535', '536', '537']"
83,6gkd,"['457', '458', '459', '529', '549', '550', '551', '552', '555', '575', '576', '577', '578', '579', '580', '581', '583', '605', '606', '607', '608', '610', '618', '636']"
84,6gkd,"['503', '512', '514', '515', '517', '518', '519', '521', '522', '527', '530', '531', '532', '533', '534', '535', '536', '537', '538']"
85,6gkd,"['512', '514', '515', '518', '519', '521', '522', '527', '530', '531', '532', '533', '534', '535', '536', '537', '538']"
86,6o3c,"['256', '262', '263', '265', '267', '268', '271', '343', '346', '347', '348', '349', '350', '351', '352', '353', '354', '355', '430', '433', '437', '440', '441', '442', '444', '445', '448', '449', '452', '455', '456', '539', '540', '542', '544', '545', '547', '548']"
87,7aqx,"['100', '101', '103', '104', '107', '108', '111', '112', '116', '277', '278', '279', '280', '283', '284', '285', '286', '288', '290', '292', '295', '296', '298', '299', '301', '302', '305', '314', '315', '316', '319']"
88,1mel,"['35', '46', '47', '48', '50', '52', '57', '58', '59', '61', '62', '63', '73', '75', '98', '101', '103', '106', '107', '108', '109', '112', '113', '116']"
89,4p2c,"['14', '16', '17', '18', '20', '29', '31', '32', '33', '34', '52', '53', '54', '55', '59', '60', '61', '62', '63']"
90,2bse,"['198', '199', '200', '201', '202', '207', '217', '219', '232', '234', '236', '237', '238', '240', '242', '244']"
91,7kjh,"['26', '69', '71', '72', '73', '114', '115', '116', '118', '119', '120', '121', '122', '123', '125', '127', '128', '129', '269', '270', '271', '272', '273', '294', '295', '296', '297', '298', '299', '301', '304']"
92,1kxq,"['51', '52', '53', '54', '58', '59', '63', '104', '105', '106', '107', '144', '145', '147', '148', '149', '151', '161', '162', '163', '164', '165', '200', '240', '300', '305', '347', '348', '349', '350', '352', '354', '355', '356', '357']"
93,5e5m,"['23', '25', '26', '27', '28', '29', '30', '32', '52', '53', '54', '55', '57', '70', '72', '98', '99', '100', '101', '102', '103']"
94,4x7f,"['253', '255', '256', '257', '258', '259', '260', '273', '426', '428', '429', '430', '431', '432', '433', '434', '435', '436', '437', '439', '479', '500', '501', '502', '504', '530', '531', '532']"
95,4x7f,"['253', '255', '256', '258', '259', '260', '273', '426', '428', '429', '430', '431', '432', '433', '434', '435', '436', '437', '479', '500', '502', '504', '530', '531', '532']"
96,4krm,"['317', '322', '323', '324', '325', '346', '348', '349', '350', '353', '355', '357', '358', '382', '384', '385', '409', '417', '418', '419', '420', '441', '443', '468']"
97,4krm,"['317', '322', '323', '324', '325', '346', '348', '349', '350', '353', '354', '355', '356', '357', '358', '384', '385', '409', '417', '418', '419', '420', '440', '441', '443', '468']"
98,3ogo,"['140', '142', '144', '145', '146', '147', '151', '166', '168', '170', '171', '172', '173', '174', '175', '176', '204', '205', '206', '207', '221', '223']"
99,6xw4,"['296', '298', '300', '301', '304', '333', '334', '356', '358', '360', '361', '362', '363', '364', '365', '366', '375', '376', '377', '378', '379', '399', '400', '401', '402', '439', '440', '441']"
100,6h71,"['262', '263', '264', '324', '325', '326', '347', '348', '349', '350', '352', '353', '379', '381', '382', '385', '386', '388', '390', '391', '392', '393', '394', '396', '397', '398', '399', '400', '401', '405', '408']"
101,7aqz,"['100', '101', '103', '104', '107', '108', '111', '112', '116', '277', '278', '279', '280', '283', '284', '285', '286', '288', '290', '292', '293', '295', '296', '298', '299', '301', '302', '305', '316']"
102,7aqz,"['100', '101', '103', '104', '107', '108', '111', '112', '116', '277', '278', '279', '280', '283', '284', '285', '286', '288', '290', '292', '295', '296', '298', '299', '301', '302', '305', '312', '313', '314', '316', '319']"
103,7oaq,[]
104,7oaq,[]
105,7oaq,[]
106,7oaq,[]
107,5f7l,"['102', '104', '105', '106', '116', '117', '119', '121', '128', '134', '136', '137', '138', '139', '140', '145', '146', '147', '190', '191', '192', '241', '242', '243', '279', '281', '282', '283', '295']"
108,2vyr,"['48', '49', '50', '51', '53', '54', '56', '57', '58', '60', '61', '62', '66', '71', '72', '74', '92', '93', '95', '98', '99', '102']"
109,2vyr,"['25', '27', '49', '99', '102', '103', '106', '108', '109']"
110,4yga,"['342', '345', '346', '349', '350', '357', '361', '364', '365', '368', '371', '372', '373', '374', '416', '417', '419', '423', '424', '425', '426', '466', '467', '468', '469', '471', '476']"
111,7r98,"['68', '69', '80', '81', '84', '122', '123', '124', '133', '134', '135', '136', '137', '138', '139', '140', '141', '142']"
112,5van,"['159', '163', '164', '165', '166', '167', '206', '216', '217', '219', '220', '223', '224', '227', '228', '279', '283', '286', '287', '288']"
113,5o2u,"['197', '200', '201', '203', '204', '205', '206', '207', '208', '209', '210', '212', '213', '216', '217', '219', '220', '221']"
114,6ey6,"['371', '399', '402', '451', '452', '454', '468', '495', '497', '503', '504', '505', '506', '507', '508', '509']"
115,6x07,"['625', '629', '632', '644', '649', '651', '652', '655', '656', '704', '705', '706', '707', '708', '709', '710', '713', '762', '763', '764', '765', '766']"
116,6fyu,"['18', '19', '20', '21', '38', '39', '41', '42', '45', '46', '48', '49', '50', '52', '53', '56', '57']"
117,6qgy,"['464', '495', '497', '498', '500', '501', '502', '503', '505', '507', '537', '538', '540', '560', '561', '562', '664', '674', '675', '676', '677', '678', '679', '680', '681', '698', '699', '700', '701', '702', '703', '704', '795', '796', '798', '800']"
118,6rnk,"['47', '48', '49', '50', '52', '55', '116', '119', '121', '122', '123', '124', '125', '126', '127', '213', '225', '293', '294', '295', '296', '299', '300']"
119,6ssi,"['10', '13', '15', '42', '141', '142', '143', '144', '145', '146', '147', '148', '149', '150', '164', '165', '166', '168', '169', '170', '172', '189']"
120,7oay,[]
121,5m30,"['35', '42', '69', '70', '105', '106', '107', '108', '109', '110', '117', '118', '119', '120', '121', '158', '159', '160', '161', '162', '163', '293']"
122,6uc6,"['1095', '1097', '1144', '1146', '1148', '1159', '1170', '1172', '1174', '1175', '1176', '1177', '1178', '1179', '1197', '1198', '1199', '1200']"
123,4m3k,"['93', '94', '95', '96', '97', '98', '100', '101', '102', '103', '119', '136', '137', '140', '141', '143', '144', '145', '146', '147', '150', '163', '164', '165', '166', '167', '168', '178']"
124,5n88,"['360', '363', '364', '365', '366', '368', '399', '401', '402', '403', '405', '406', '407', '408']"
125,4i1n,"['16', '17', '18', '19', '20', '21', '22', '23', '45', '48', '49', '50', '51', '52', '69', '71']"
126,6sge,"['5', '7', '27', '36', '38', '39', '40', '41', '42', '43', '54', '56', '58', '66', '68', '69', '71', '72', '73', '75', '76']"
127,7kdm,"['148', '150', '162', '163', '198', '199', '234', '236', '237', '238', '239', '240', '241', '242', '246', '248', '251', '253', '254', '255']"
128,5hgg,"['35', '37', '37A', '37B', '37C', '37D', '39', '40', '41', '42', '57', '58', '60A', '60B', '96', '97A', '97B', '99', '143', '148', '149', '151', '189', '190', '191', '192', '193', '195', '213', '214', '215', '216', '217', '219', '220', '224', '226']"
129,4lhj,"['235', '237', '239', '240', '241', '242', '244', '245', '247', '248', '250', '251']"
130,7kgj,"['351', '403', '405', '406', '409', '417', '446', '447', '449', '450', '452', '453', '455', '470', '471', '472', '481', '482', '483', '484', '485', '490', '492', '493', '494', '495', '498', '501', '502', '505']"
131,4qo1,"['99', '103', '152', '160', '206', '208', '210', '211', '256', '258', '259', '260', '261', '262', '263', '264', '265', '267']"
132,6gk4,"['469', '472', '474', '488', '489', '490', '492', '494', '495', '496', '497', '498', '499', '504', '508', '509', '541', '542', '543', '553', '560', '564', '577']"
133,6gwp,"['211', '212', '213', '214', '215', '216', '217', '218', '219', '220', '242', '253', '258', '261', '262', '265', '267']"
134,6gwp,"['53', '158', '160', '162', '297', '300', '301', '302', '303', '304', '305', '307', '310', '311', '312', '313', '314', '316']"
135,6gwp,"['211', '212', '213', '214', '215', '216', '217', '218', '219', '220', '242', '253', '258', '261', '262', '265', '267']"
136,6gwp,"['53', '158', '160', '162', '297', '300', '301', '302', '303', '304', '305', '307', '310', '311', '312', '313', '314', '316']"
137,7czd,"['18', '19', '51', '52', '54', '56', '58', '63', '66', '68', '69', '73', '75', '76', '113', '115', '116', '117', '119', '120', '121', '122', '123', '125']"
138,5o05,"['224', '226', '227', '477', '478', '482', '484', '496', '525', '526', '527', '528', '529', '530', '532', '533', '534', '535', '536', '537']"
139,5e7f,"['47', '48', '49', '50', '51', '53', '54', '57', '58', '60', '61', '70']"
140,5e7f,"['47', '48', '49', '50', '51', '53', '54', '57', '58', '68', '69', '70', '71']"
141,5o0w,"['38', '75', '76', '77', '78', '80', '81', '82', '98', '99', '100', '101', '106', '109', '110', '331', '332', '335', '336', '339', '343']"
142,6obo,"['75', '78', '80', '81', '82', '93', '94', '95', '96', '100', '104', '118', '119', '120', '121', '122', '123', '124', '125', '127', '128', '133', '134', '135', '180', '205', '208', '209', '211', '212', '213', '227', '228', '229', '230', '231', '233', '238', '239', '243', '256', '258']"
143,7lvw,"['29', '30', '31', '33', '40', '42', '43', '309', '310', '311', '312', '314', '344', '347', '348', '349', '377', '378', '380', '381', '383', '384', '385', '388', '389', '390', '465', '466', '467', '469']"
144,5f21,"['135', '139', '142', '205', '239', '241', '252', '254', '274', '275', '276', '277', '278', '279', '280', '283', '284', '287', '288', '291', '292', '293', '294', '295', '296', '297', '298', '299', '300']"
145,5m15,"['12', '13', '14', '15', '41', '42', '44', '45', '49', '62', '65', '66', '111', '150', '152', '153', '155', '156', '209', '210', '211', '214', '230', '330', '334', '337', '338', '340', '341', '344', '345', '348', '349']"
146,3ezj,"['50', '51', '53', '54', '57', '58', '61', '67', '68', '69', '80', '116', '120', '121', '123', '124', '126', '127', '133', '134', '135', '136', '137', '138', '139', '142', '144', '161']"
147,6oq6,"['1105', '1106', '1107', '1110', '1111', '1112', '1281', '1282', '1285', '1305', '1306', '1307', '1308', '1309', '1310', '1311', '1312', '1313', '1314', '1330', '1331', '1332', '1334', '1354', '1355', '1356', '1357', '1358', '1374', '1386', '1387']"
148,7olz,"['351', '403', '417', '445', '446', '447', '449', '450', '452', '453', '455', '456', '468', '470', '472', '475', '484', '485', '486', '489', '490', '492', '493', '494', '495', '496', '498', '500', '505']"
149,7olz,"['368', '369', '371', '372', '373', '374', '375', '376', '377', '378', '379', '383', '404', '405', '407', '408', '437', '503', '504', '508']"
150,7olz,"['351', '403', '417', '445', '446', '447', '449', '450', '452', '453', '455', '456', '468', '470', '472', '475', '484', '485', '486', '489', '490', '492', '493', '494', '495', '496', '498', '500', '505']"
151,7olz,"['368', '369', '371', '372', '373', '374', '375', '376', '377', '378', '379', '383', '404', '405', '407', '408', '437', '503', '504', '508']"
152,7cz0,"['12', '13', '14', '16', '27', '29', '85', '86', '107', '109', '110', '111', '112', '116', '117', '118', '181']"
153,6waq,"['355', '356', '357', '358', '359', '360', '361', '362', '363', '364', '365', '366', '371', '372', '391', '392', '394', '395', '423', '424', '426', '427', '489', '490', '494']"
154,7nmu,[]
155,6z6v,"['100', '101', '102', '103', '114', '116', '117', '118', '119', '121', '124', '127', '128', '129', '207', '208', '209', '212']"
156,6i8g,"['16', '18', '19', '22', '23', '25', '26', '33', '122', '209', '210', '212', '213', '214', '215', '216', '217', '318', '321', '322', '324', '325']"
157,5mwn,"['10', '11', '12', '13', '14', '15', '16', '19', '129', '141', '142']"
158,6sc6,"['795', '796', '798', '799', '800', '801', '802', '803', '819', '820', '822', '826', '827', '828', '829', '830', '852', '854', '855', '876', '979', '982', '983']"
159,6sc6,"['770', '775', '776', '778', '779', '782', '783', '786', '787', '791', '792', '793', '794', '795', '796', '798', '802', '803', '804', '805', '819', '873', '874', '875', '876', '877', '892', '893']"
160,6u51,"['648', '649', '652', '653', '665', '668', '672', '673', '674', '675', '676', '677', '679', '685', '686', '687', '690', '691', '694']"
161,5imm,"['0', '5', '7', '35', '37', '39', '41', '42', '43', '44', '90', '92', '94', '106', '107', '108', '109', '110', '112', '114']"
162,4i0c,"['10', '13', '14', '16', '18', '19', '20', '21', '22', '23', '24', '25', '26', '27', '106', '112', '121', '122', '125', '129', '130']"
163,5vxj,"['87', '90', '91', '93', '94', '97', '101', '121', '122', '132', '136', '137', '139', '140', '141', '143', '144', '147', '148', '151', '216', '217', '218', '219', '241']"
164,4kml,"['122', '123', '124', '125', '128', '164', '167', '168', '169', '170', '171', '173', '174', '177', '178', '181', '182', '185', '186', '189']"
165,5c2u,"['220', '222', '261', '265', '267', '287', '290', '291', '293', '294', '295', '299', '302', '303', '307', '308', '309', '310', '311', '312', '313', '314', '315', '316', '318', '321', '322', '324', '325', '327', '328', '329']"
166,3rjq,"['102', '105', '106', '108', '109', '110', '112', '113', '114', '116', '255', '256', '257', '367', '368', '369', '370', '371', '375', '376', '377', '382', '384', '419', '420', '421', '472', '473', '474', '475', '476', '479']"
167,7lzp,"['99', '100', '101', '102', '103', '105', '106', '109', '110', '113', '233', '319', '320', '322', '337', '340', '341', '343', '344', '348', '356', '357', '359']"
168,7lzp,"['197', '198', '199', '200', '201', '246', '247', '269', '270', '272', '273', '364', '365', '367', '424', '425', '426', '427', '428', '429']"
169,7lzp,"['1', '2', '3', '5', '6', '16', '17', '18', '37', '39', '40', '41', '99', '105', '108', '109', '112', '113', '115', '118', '139', '145', '147', '148', '306', '307', '308', '309', '311', '312', '313', '315', '316', '319']"
170,7lzp,"['197', '198', '199', '200', '201', '202', '203', '205', '206', '207', '246', '269', '270', '272', '273', '364', '365', '367', '424', '425', '426', '427', '428', '429']"
171,7lzp,"['99', '100', '101', '102', '103', '105', '106', '109', '110', '113', '233', '319', '320', '322', '337', '340', '341', '343', '344', '348', '356', '357', '359']"
172,7lzp,"['197', '198', '199', '200', '201', '246', '247', '269', '270', '272', '273', '364', '365', '367', '424', '425', '426', '427', '428', '429']"
173,7lzp,"['1', '2', '3', '5', '6', '16', '17', '18', '37', '39', '40', '41', '99', '105', '108', '109', '112', '113', '115', '118', '139', '145', '147', '148', '306', '307', '308', '309', '311', '312', '313', '315', '316', '319']"
174,7lzp,"['197', '198', '199', '200', '201', '202', '203', '205', '206', '207', '246', '269', '270', '272', '273', '364', '365', '367', '424', '425', '426', '427', '428', '429']"
175,7lzp,"['99', '100', '101', '102', '103', '105', '106', '109', '110', '113', '233', '319', '320', '322', '337', '340', '341', '343', '344', '348', '356', '357', '359']"
176,7lzp,"['197', '198', '199', '200', '201', '246', '247', '269', '270', '272', '273', '364', '365', '367', '424', '425', '426', '427', '428', '429']"
177,7lzp,"['1', '2', '3', '5', '6', '16', '17', '18', '37', '39', '40', '41', '99', '105', '108', '109', '112', '113', '115', '118', '139', '145', '147', '148', '306', '307', '308', '309', '311', '312', '313', '315', '316', '319']"
178,7lzp,"['197', '198', '199', '200', '201', '202', '203', '205', '206', '207', '246', '269', '270', '272', '273', '364', '365', '367', '424', '425', '426', '427', '428', '429']"
179,7ldj,"['351', '403', '417', '445', '446', '447', '449', '450', '452', '453', '455', '456', '468', '470', '472', '478', '484', '485', '486', '489', '490', '492', '493', '494', '495', '496', '498', '500', '501', '502', '505']"
180,1kxt,"['237', '238', '239', '257', '260', '261', '264', '268', '269', '270', '271', '272', '273', '276', '279', '283', '284', '285', '308', '309', '310', '311', '413']"
181,6x04,"['318', '319', '320', '321', '322', '323', '324', '325', '326', '328', '353', '356', '360', '362', '380', '381', '382', '384', '438']"
182,7nfr,"['369', '387', '388', '389', '390', '391', '392', '394', '461', '462', '463', '467', '469', '480', '481', '482', '483', '484', '526']"
183,5my6,"['109', '110', '111', '112', '150', '156', '157', '170', '173', '174', '175', '177', '178', '179', '180', '181', '182', '183', '217']"
184,6h70,"['273', '274', '275', '276', '277', '278', '280', '281', '303', '307', '308', '310', '313', '314', '318', '404', '405', '406', '407', '446', '449']"
185,6cwg,"['91', '94', '95', '97', '101', '104', '112', '113', '114', '115', '116', '117', '118', '119', '120', '125', '128', '154', '161']"
186,4xt1,"['65', '66', '69', '72', '129', '132', '133', '136', '138', '139', '140', '141', '142', '211', '214', '215', '217', '218', '219', '220', '221', '222', '225', '226', '229', '230', '291', '294', '295', '296', '297', '298']"
187,3g9a,"['101', '149', '151', '152', '153', '162', '163', '164', '166', '168', '178', '180', '181', '182', '198', '199', '200', '228']"
188,7d5u,"['75', '77', '78', '79', '81', '98', '100', '110', '112', '113', '114', '140', '146', '147', '148', '150', '154', '155', '157', '158', '159', '161', '162', '163', '164']"
189,4grw,"['24', '26', '27', '28', '29', '30', '93', '94', '95', '96', '97', '98', '99', '100', '101', '102', '104', '137', '138', '140', '141', '143', '144']"
190,4grw,"['113', '115', '117', '172', '178', '179', '217', '218', '235', '236', '237', '238', '239', '240', '241', '242', '243', '244', '245', '247']"
191,4grw,"['13', '15', '17', '18', '40', '41', '58', '59', '60', '61', '63', '84', '86', '93', '125', '126', '127', '194', '195', '196', '197']"
192,4grw,"['24', '26', '27', '28', '29', '30', '93', '94', '95', '96', '97', '98', '99', '100', '101', '102', '104', '137', '138', '140', '141', '143', '144']"
193,4grw,"['113', '115', '117', '172', '178', '179', '217', '218', '235', '236', '237', '238', '239', '240', '241', '242', '243', '244', '245', '247']"
194,4grw,"['13', '15', '17', '18', '40', '41', '58', '59', '60', '61', '63', '84', '86', '93', '125', '126', '127', '194', '195', '196', '197']"
195,4grw,"['24', '26', '27', '28', '29', '30', '93', '94', '95', '96', '97', '98', '99', '100', '101', '102', '104', '137', '138', '140', '141', '143', '144']"
196,4grw,"['113', '115', '117', '172', '178', '179', '217', '218', '235', '236', '237', '238', '239', '240', '241', '242', '243', '244', '245', '247']"
197,4grw,"['13', '15', '17', '18', '40', '41', '58', '59', '60', '61', '63', '84', '86', '93', '125', '126', '127', '194', '195', '196', '197']"
198,7kn5,"['351', '403', '444', '445', '446', '447', '449', '450', '452', '455', '456', '468', '470', '478', '484', '485', '486', '487', '489', '490', '492', '493', '494', '495', '496', '498', '500']"
199,7kn5,"['368', '369', '370', '371', '372', '374', '375', '376', '377', '378', '382', '383', '384', '385', '405', '408', '437', '503', '504', '508']"
200,7kn5,"['351', '403', '444', '445', '446', '447', '449', '450', '452', '455', '456', '468', '470', '478', '484', '485', '486', '487', '489', '490', '492', '493', '494', '495', '496', '498', '500']"
201,7kn5,"['368', '369', '370', '371', '372', '374', '375', '376', '377', '378', '382', '383', '384', '385', '405', '408', '437', '503', '504', '508']"
202,5u4l,"['65', '66', '67', '68', '138', '141', '142', '145', '146', '149', '150', '153', '157', '158', '159', '160', '163', '195', '196', '197']"
203,6rvc,"['842', '846', '847', '850', '851', '853', '854', '855', '857', '858', '860', '861', '862', '864', '865', '867', '875', '877', '879', '906', '930', '931', '932']"
204,4fhb,"['9', '10', '11', '12', '114', '115', '116', '118', '127', '128', '129', '130', '140', '150', '151', '152', '154']"
205,5dmj,"['85', '86', '87', '88', '106', '107', '108', '109', '110', '119', '120', '121', '122', '124', '133', '134', '135', '136', '154', '155', '156', '157', '158', '159', '162']"
206,2xxm,"['147', '148', '149', '150', '151', '152', '172', '175', '176', '177', '178', '180', '181', '184', '185', '187', '188', '189', '192', '193']"
207,4lhq,"['91', '94', '95', '96', '97', '98', '101', '112', '113', '114', '115', '116', '117', '118', '119', '120', '125', '154', '161']"
208,3p9w,"['38', '39', '40', '41', '47', '70', '71', '72', '73', '74', '75', '77', '79', '80', '82', '90', '91', '92', '93', '94', '95', '97', '100', '105']"
209,4lgp,"['91', '94', '95', '97', '98', '101', '102', '105', '106', '109', '111', '112', '113', '114', '115', '116', '117', '118', '119', '120', '125', '129', '154', '155', '161']"
210,5j57,"['14', '15', '16', '17', '18', '19', '20', '65', '141', '145', '192', '193', '194', '195', '196']"
211,6oyh,"['99', '153', '154', '155', '157', '159', '164', '167', '220', '221', '224', '227', '228', '229', '230', '231', '232', '233', '283']"
212,6xw6,"['300', '301', '304', '333', '334', '336', '356', '358', '360', '361', '362', '363', '364', '365', '375', '376', '377', '379', '399', '400', '402', '439', '440', '441', '442', '443']"
213,6ey0,"['86', '87', '89', '90', '93', '94', '97', '98', '100', '101', '104', '109', '128', '134', '136', '139', '143']"
214,5mp2,"['51', '52', '53', '54', '55', '56', '57', '58', '64', '68', '71', '72', '90', '91', '92', '93', '94', '150', '152']"
215,6fyt,"['16', '18', '19', '20', '21', '34', '35', '36', '38', '39', '41', '42', '45', '46', '48', '49', '52', '53', '56', '150', '154']"
216,6xw5,"['270', '272', '273', '274', '275', '276', '277', '280', '281', '285', '311', '313', '315', '318', '319', '320', '321', '322', '326', '370', '413', '415', '416', '417', '418', '462', '463', '464', '465']"
217,3k80,"['78', '79', '82', '83', '85', '86', '87', '122', '125', '126', '127', '128', '129', '130', '131', '132', '133']"
218,6h7j,"['76', '135', '139', '142', '143', '144', '145', '146', '147', '150', '227', '230', '233', '234', '237', '238', '240', '241', '272', '273', '274', '279', '282', '283', '284', '285', '287', '288', '289', '291', '292', '295', '342', '343', '345', '346', '347']"
219,5nbl,"['47', '50', '51', '52', '53', '54', '92', '95', '96', '99', '101', '102']"
220,5nbl,"['14', '15', '39', '62', '65', '66', '67', '68', '69', '71', '72', '77', '157', '158', '177', '179', '180', '183', '184', '187', '188', '190', '191', '201', '202', '203', '206', '267', '268', '269']"
221,5jmo,"['456', '457', '458', '459', '460', '492', '493', '494', '495', '496', '525', '526', '528', '529', '558', '559', '560', '561', '562', '564']"
222,3cfi,"['65', '66', '67', '68', '80', '82', '83', '84', '85', '110', '114', '116', '117', '119', '121', '123', '125', '129', '130', '131', '132', '133', '134', '135', '136', '138']"
223,6oca,"['48', '96', '97', '122', '124', '127', '128', '133', '134', '135', '205', '208', '209', '210', '212', '213', '216', '217', '220', '226', '227', '228', '229', '230', '231', '233', '239', '241', '243', '258']"
224,7nqa,"['781', '782', '783', '784', '785', '786', '809', '812', '814', '815', '816', '817', '818', '820', '831', '832', '833', '834', '836', '837', '838', '840', '841', '844', '845', '847', '859', '861', '863', '865', '866']"
225,4x7d,"['224', '226', '227', '426', '469', '470', '474', '476', '488', '517', '518', '519', '520', '521', '522', '523', '524', '525', '526', '527', '528', '529']"
226,7can,"['403', '406', '417', '446', '449', '452', '453', '455', '456', '472', '482', '483', '484', '485', '486', '488', '489', '490', '492', '493', '494', '495', '496', '498', '501', '505']"
227,7k84,"['446', '449', '451', '452', '453', '644', '645', '646', '647', '648', '649', '650', '651', '652', '654', '784', '788', '791', '792', '795', '796', '799', '800']"
228,6obe,"['48', '75', '78', '80', '81', '82', '93', '94', '95', '96', '97', '99', '100', '121', '122', '123', '124', '125', '127', '128', '133', '134', '135', '180', '205', '208', '209', '211', '212', '213', '228', '229', '231', '239', '241', '243', '256', '258']"
229,6h6y,"['274', '275', '276', '277', '278', '279', '280', '281', '282', '303', '305', '307', '308', '309', '310', '311', '312', '313', '314', '315', '316', '317', '318', '404', '405', '406', '407', '446', '447', '449']"
230,7apj,"['112', '115', '116', '118', '119', '120', '122', '123', '124', '125', '126', '127', '128', '129', '130', '131']"
231,7o06,"['4', '6', '7', '8', '9', '10', '21', '22', '23', '24', '25', '27', '28', '32', '35', '53', '54', '55', '56', '57', '58', '62', '63', '64', '66', '67', '68', '69', '70', '71', '72', '74', '86', '89']"
232,4eiz,"['9', '10', '11', '12', '114', '115', '116', '117', '118', '128', '138', '140', '142', '149', '150', '151', '152', '154', '156']"
233,7azb,"['53', '55', '56', '57', '70', '74', '77', '78', '106', '107', '109', '110', '111', '112', '113', '114', '146', '147', '148', '149', '150', '176', '178']"
234,5mje,"['-7', '-6', '-5', '-4', '0', '1', '2', '3', '4', '5', '6', '7', '12', '15', '16', '21', '22', '24', '25', '26', '28', '29', '30', '32', '33', '75']"
235,6u55,"['645', '646', '647', '648', '651', '654', '655', '657', '658', '659', '662', '663', '666', '667', '670', '671', '672', '673', '728']"
236,7mfu,"['403', '405', '406', '415', '416', '417', '420', '421', '445', '446', '447', '449', '452', '453', '455', '456', '460', '484', '486', '487', '489', '490', '492', '493', '494', '495', '496', '498', '499', '500', '501', '502', '503', '504', '505']"
237,7mfu,"['369', '370', '371', '372', '374', '375', '376', '377', '378', '379', '383', '384', '385', '405', '408', '503', '508']"
238,7mfu,"['403', '405', '406', '415', '416', '417', '420', '421', '445', '446', '447', '449', '452', '453', '455', '456', '460', '484', '486', '487', '489', '490', '492', '493', '494', '495', '496', '498', '499', '500', '501', '502', '503', '504', '505']"
239,7mfu,"['369', '370', '371', '372', '374', '375', '376', '377', '378', '379', '383', '384', '385', '405', '408', '503', '508']"
240,4pou,"['4', '58', '59', '60', '61', '62', '63', '64', '68', '69', '70', '71', '73', '76', '110', '111', '112', '113', '115', '118']"
241,6do1,"['53', '57', '60', '61', '62', '63', '64', '67', '122', '125', '126', '129', '130', '133', '134', '135', '137', '138', '140', '215', '222', '333', '334', '336', '337', '340', '344', '401', '402', '404', '405', '406', '407', '408', '411']"
242,6jb2,"['46', '47', '48', '50', '52', '57', '59', '61', '62', '63', '73', '75', '97', '101', '102', '103', '106', '107', '109', '112', '113', '116']"
243,1op9,"['14', '15', '16', '20', '76', '77', '78', '79', '90', '91', '93', '94', '95', '97', '98', '101']"
244,4cdg,"['995', '1024', '1028', '1031', '1033', '1110', '1111', '1112', '1113', '1116', '1123', '1124', '1125', '1143', '1147', '1150', '1151', '1156', '1157', '1159', '1161', '1165', '1166', '1167', '1168', '1169', '1195']"
245,4krp,"['292', '293', '304', '305', '306', '308', '310', '312', '339', '340', '342', '375', '376', '378', '400', '401', '403', '405', '430', '431', '433', '454', '455', '456', '457', '458', '459', '460']"
246,4hem,"['68', '69', '70', '74', '76', '78', '89', '90', '91', '92', '93', '95', '96', '126', '153', '155', '157']"
247,4hem,"['101', '116', '117', '118', '120', '133', '135', '137', '138', '139', '143', '145']"
248,5ja8,"['8', '9', '10', '12', '13', '14', '17', '18', '79', '80', '81', '82', '85', '86', '87', '88', '90', '91', '93', '94', '97', '98', '101', '104', '105', '108']"
249,7b27,[]
250,7n0i,"['279', '280', '281', '282', '283', '285', '319', '320', '321', '322', '323', '325', '327', '330', '332', '333', '334']"
251,5bop,"['5', '38', '39', '42', '43', '45', '46', '49', '137', '139', '146', '148', '149', '151', '152', '153', '155', '156', '158', '159', '185', '186']"
252,1kxv,"['1', '2', '140', '153', '154', '155', '158', '171', '176', '203', '204', '205', '206', '208', '212', '241', '243', '245', '246', '248', '249', '250', '282', '283', '285', '286', '287', '288', '289', '290', '291']"
253,7d8b,"['33', '34', '35', '36', '37', '39', '69', '70', '72', '73', '76', '77', '128', '131', '132', '135', '138', '139', '186']"
254,4nc2,"['12', '15', '16', '17', '22', '23', '38', '39', '41', '43', '45', '51', '68', '69', '72', '73', '74', '75', '76']"
255,4kfz,"['53', '56', '57', '58', '59', '60', '61', '62', '63', '66', '80', '81', '82', '83', '86', '104', '105', '106', '107', '108', '109', '110', '111', '114', '117', '120', '128', '129', '130', '131', '132', '133', '135']"
256,7kgk,"['403', '406', '417', '445', '446', '447', '449', '452', '453', '455', '456', '484', '485', '489', '490', '492', '493', '494', '495', '496', '498', '500', '501', '502', '505']"
257,3stb,"['300', '302', '303', '304', '305', '306', '307', '308', '311', '313', '334', '336', '365', '366', '367', '368', '369', '370', '371', '373', '375', '378']"
258,3stb,"['35', '36', '37', '38', '39', '40', '41', '44', '46', '71', '73', '102', '104', '105', '106', '108', '109', '110', '111', '114', '115', '117']"
259,4y8d,"['164', '237', '243', '290', '291', '294', '297', '301', '302', '303', '304', '305', '307', '308', '311', '312', '315']"
260,6qup,"['36', '37', '38', '40', '61', '62', '63', '64', '65', '66', '69', '72', '73', '86', '89', '118', '119', '120', '121', '122', '124', '125', '126', '128', '129', '130', '132', '133', '169', '170', '171', '172', '173', '206', '207']"
261,5hvh,"['91', '93', '94', '95', '96', '98', '99', '117', '118', '171', '174', '175', '177', '178', '179', '181', '182', '183', '184', '185', '186', '380', '384']"
262,5hvh,"['8', '9', '10', '12', '13', '16', '33', '43', '45', '47', '59', '63', '64', '66', '67', '68', '69', '70', '71', '72', '292', '323', '327', '328', '329', '330', '338', '339', '367', '368', '369']"
263,5hvh,"['91', '93', '94', '95', '96', '98', '99', '117', '118', '171', '174', '175', '177', '178', '179', '181', '182', '183', '184', '185', '186', '380', '384']"
264,5hvh,"['8', '9', '10', '12', '13', '16', '33', '43', '45', '47', '59', '63', '64', '66', '67', '68', '69', '70', '71', '72', '292', '323', '327', '328', '329', '330', '338', '339', '367', '368', '369']"
265,5o04,"['267', '269', '270', '271', '272', '273', '274', '276', '277', '320', '321', '325', '470', '471', '472', '473', '474', '475', '477', '479', '501', '502']"
266,5o04,"['226', '227', '434', '435', '477', '478', '482', '484', '496', '525', '526', '527', '528', '529', '530', '532', '533', '534', '535', '536', '537']"
267,5o04,"['224', '225', '267', '269', '270', '271', '272', '273', '274', '276', '316', '319', '320', '321', '325', '470', '471', '472', '473', '474', '475', '501']"
268,6gjq,"['457', '458', '459', '549', '575', '576', '577', '578', '579', '580', '581', '583', '585', '605', '606', '607', '608', '610', '611', '618', '619', '620', '625', '630', '633']"
269,6lz2,"['18', '21', '23', '89', '90', '91', '92', '93', '95', '99', '101', '103', '105', '107', '118', '120', '122', '123', '124', '125', '155', '175', '176', '177', '179']"
270,4dk6,"['637', '638', '639', '640', '641', '642', '643', '644', '645', '648', '650', '651', '652', '699', '701', '703', '733', '735', '736', '737', '738', '739', '746']"
271,6vbg,"['35', '36', '42', '245', '248', '249', '250', '251', '252', '253', '254', '255', '256', '258', '309', '310', '311', '312', '373', '374', '375', '376', '377', '378', '379']"
272,1rjc,"['34', '35', '44', '45', '46', '47', '48', '50', '52', '57', '59', '61', '62', '103', '106', '109', '110', '112', '113', '114', '116']"
273,6u54,"['645', '646', '651', '654', '655', '659', '662', '663', '666', '667', '669', '670', '671', '673', '688', '689', '693', '724', '725', '726', '727', '728', '730']"
274,6rqm,"['4', '5', '35', '39', '41', '44', '45', '46', '47', '48', '91', '93', '95', '97', '99', '104', '105', '106', '107', '108', '109', '110', '111']"
275,6rty,"['149', '150', '200', '201', '203', '204', '205', '206', '207', '208', '209', '210', '211', '214', '217', '221', '222', '224', '367', '371', '374', '375', '377', '378', '379']"
276,6obg,"['56', '75', '78', '80', '82', '94', '95', '96', '97', '100', '118', '119', '120', '121', '122', '123', '124', '125', '127', '128', '133', '134', '135', '180', '205', '206', '208', '209', '211', '212', '213', '227', '228', '229', '231', '233', '239', '243', '256', '258']"
277,7kbk,"['14', '15', '16', '17', '18', '19', '65', '192', '193', '194', '195', '196']"
278,3k7u,"['78', '79', '82', '83', '86', '87', '88', '91', '122', '125', '126', '127', '128', '129', '130', '131', '132', '133']"
279,6ocd,"['48', '78', '80', '94', '95', '96', '97', '98', '100', '101', '118', '119', '120', '122', '124', '125', '128', '209', '211', '212', '213', '216', '220', '256', '258', '259']"
280,5omn,"['482', '484', '491', '492', '493', '494', '495', '496', '524', '526', '527', '529', '530', '532', '533', '534', '536', '537']"
281,5lhr,"['40', '41', '57', '58', '97B', '99', '143', '145', '146', '147', '148', '149', '151', '189', '190', '191', '192', '193', '195', '213', '214', '215', '216', '217', '218', '220', '222', '225', '226']"
282,6xw7,"['270', '272', '273', '274', '275', '276', '281', '285', '311', '313', '315', '318', '319', '320', '321', '322', '326', '413', '415', '416', '418', '462', '463', '464', '465', '466', '468', '494']"
283,6csy,"['1062', '1063', '1065', '1066', '1067', '1068', '1069', '1072', '1127', '1131', '1134', '1135', '1136', '1138', '1139', '1141', '1142', '1143', '1147', '1219', '1222', '1225', '1229', '1232', '1233', '1263', '1264', '1266', '1267', '1268', '1270', '1271', '1274', '1275', '1278', '1325', '1326', '1328', '1329', '1330', '1331', '1333', '1334']"
284,7kn7,"['369', '370', '371', '372', '373', '374', '375', '376', '377', '378', '383', '384', '385', '404', '405', '408', '437', '502', '503', '504', '508']"
285,5vnw,"['557', '561', '562', '563', '565', '566', '567', '569', '570', '571', '573']"
286,6b20,"['56', '57', '59', '75', '76', '77', '95', '98', '99', '100', '101', '117', '118', '119', '142', '143', '144', '145', '147', '186', '188', '204', '228', '230', '246', '270', '271', '274', '314', '316', '332']"
287,7na9,"['26', '50', '52', '53', '54', '55', '58', '68', '69', '72', '74', '165', '166', '169', '171', '173', '174', '176', '178', '179', '180', '181', '184', '185', '243', '244', '245', '246', '248', '250', '251', '252', '253', '254', '261', '262', '263', '264', '265', '267']"
288,6zg3,"['32', '70', '80', '81', '84', '85', '110', '112', '113', '114', '115', '116', '118', '119', '122', '123', '159', '160', '161', '163', '193', '194']"
289,6dbf,"['81', '83', '85', '103', '105', '107', '125', '127', '147', '151', '168', '169', '171', '190', '191', '193', '195', '212', '213', '215', '234', '235', '237', '239']"
290,6ui1,"['117', '118', '119', '121', '122', '123', '124', '125', '126', '127', '170', '171', '172', '173', '174', '177', '180', '238', '240', '241', '277', '280', '281', '282', '284', '285', '287', '288', '289', '291', '292', '296', '299', '300', '335', '472', '474', '477', '478', '530']"
291,6ui1,"['207', '394', '395', '396', '399', '400', '402', '600', '601', '604', '605', '607', '608', '609', '611', '612', '613', '616', '757', '758', '760', '761', '762', '763', '764', '765', '768', '769', '772']"
292,6ui1,"['117', '118', '119', '121', '122', '123', '124', '125', '126', '127', '170', '171', '172', '173', '174', '177', '180', '238', '240', '241', '277', '280', '281', '282', '284', '285', '287', '288', '289', '291', '292', '296', '299', '300', '335', '472', '474', '477', '478', '530']"
293,6ui1,"['207', '394', '395', '396', '399', '400', '402', '600', '601', '604', '605', '607', '608', '609', '611', '612', '613', '616', '757', '758', '760', '761', '762', '763', '764', '765', '768', '769', '772']"
294,5o03,"['233', '236', '247', '248', '445', '454', '487', '492', '494', '514', '515', '516', '517', '518', '519', '520']"
295,3k3q,"['319', '322', '337', '340', '341', '343', '344', '347', '348', '353', '356', '357', '359']"
296,4w6y,"['37', '45', '47', '48', '49', '88', '89', '90', '91', '92', '93', '94', '95', '96', '110', '111', '112', '114', '117', '118', '119', '120', '121', '122']"
297,4ocm,"['23', '28', '30', '56', '57', '58', '59', '61', '62', '64', '66', '99', '100', '102', '204', '205', '206', '207', '208', '209', '211']"
298,5j1s,"['131', '132', '136', '137', '138', '140', '142', '143', '145', '146', '147', '149', '150', '151', '154']"
299,5j1s,"['335', '339', '341', '342', '345', '346', '349', '350', '352', '353', '356', '380', '388', '389']"
300,7o3b,"['2', '3', '4', '5', '7', '12', '14', '15', '16', '17', '20', '21', '22', '23', '24', '25', '26', '27', '28', '32', '54', '55', '56', '57', '58', '64', '66', '67', '68', '69', '70', '71', '72', '74', '86', '89']"
301,6app,"['640', '663', '667', '669', '671', '672', '674', '675', '676', '678', '679', '682', '683', '686', '687', '690', '691', '694', '695']"
302,6uft,"['1113', '1114', '1115', '1116', '1117', '1118', '1183', '1185', '1186', '1187', '1188', '1190', '1191', '1192', '1193', '1194', '1201', '1203', '1204', '1244', '1245', '1246', '1247', '1248', '1251', '1253', '1256']"
303,7vnb,"['340', '344', '345', '346', '347', '348', '349', '351', '352', '354', '356', '444', '449', '450', '452', '468', '470', '471', '472', '482', '484', '490', '492', '493', '494']"
304,4wen,"['26', '27', '28', '29', '30', '31', '32', '55', '56', '57', '58', '59', '62', '63', '64', '180', '181', '182', '183', '184', '189', '274', '276']"
305,4n1h,"['143', '146', '147', '149', '150', '153', '154', '158', '161', '163']"
306,4n1h,"['143', '146', '147', '149', '150', '153', '154', '158', '161', '163']"
307,7kd0,"['148', '150', '163', '198', '199', '234', '236', '237', '238', '239', '240', '241', '242', '246', '248', '251', '253', '254', '255']"
308,6gs4,"['46', '49', '50', '51', '56', '174', '175', '176', '177', '178', '179', '301', '304', '305', '307', '308', '309', '315', '316', '317', '318', '319', '379', '446', '447', '448', '449', '450']"
309,6v7z,"['87', '88', '89', '90', '91', '94', '118', '119', '121', '135', '136', '137', '138', '139', '140', '142', '143', '145', '146']"
310,5vxm,"['166', '169', '170', '172', '173', '176', '177', '191', '193', '194', '197', '198', '200', '201', '202', '204', '205', '209']"
311,5jds,"['54', '56', '58', '60', '61', '63', '66', '68', '69', '73', '113', '115', '117', '119', '120', '121', '122', '123', '125']"
312,6qgw,"['549', '552', '553', '554', '555', '556', '557', '560', '562', '563', '564', '565', '566', '567', '605', '644']"
313,7c8v,"['445', '446', '447', '449', '452', '453', '455', '456', '484', '485', '489', '490', '492', '493', '494', '495', '496', '498', '500', '501', '502', '505']"
314,7kdu,"['148', '149', '150', '163', '198', '199', '234', '236', '237', '238', '239', '240', '241', '242', '246', '248', '251', '253', '254', '255']"
315,7kn6,"['369', '370', '371', '372', '373', '374', '375', '376', '377', '378', '379', '380', '381', '382', '383', '384', '404', '405', '407', '408', '411', '412', '414', '437', '439', '440', '503', '504', '506', '508']"
316,7ar0,"['81', '82', '85', '87', '345', '346', '347', '348', '349', '350', '351', '375', '376', '379', '383', '386', '387']"
317,6zcz,"['444', '446', '447', '449', '450', '452', '455', '456', '470', '472', '482', '483', '484', '485', '489', '490', '492', '493', '494']"
318,7now,"['783', '784', '785', '786', '787', '788', '789', '790', '791', '792', '794', '807', '809', '843', '844', '845', '846', '847', '859', '861', '863', '864', '865', '866']"
319,4gft,"['174', '175', '176', '178', '179', '182', '183', '186', '187', '201', '202', '203', '204']"
320,5c3l,"['353', '357', '360', '361', '362', '363', '364', '365', '366', '367', '368', '369', '370']"
321,5c3l,"['427', '430', '431', '434', '435', '437', '438', '439', '441', '442']"
322,6gju,"['469', '472', '473', '476', '477', '488', '489', '490', '492', '494', '495', '496', '497', '498', '499', '504', '506', '508', '509', '510', '511', '542', '543', '547', '553', '560', '561', '564']"
323,6gju,"['457', '458', '459', '549', '550', '551', '576', '577', '578', '579', '580', '581', '583', '605', '606', '607', '608', '610', '611', '618', '619', '620', '633', '634']"
324,6gju,"['469', '472', '473', '476', '477', '488', '489', '490', '492', '494', '495', '496', '497', '498', '499', '504', '506', '508', '509', '510', '511', '542', '543', '547', '553', '560', '561', '564']"
325,6gju,"['457', '458', '459', '549', '550', '551', '576', '577', '578', '579', '580', '581', '583', '605', '606', '607', '608', '610', '611', '618', '619', '620', '633', '634']"
326,4lgr,"['88', '89', '91', '112', '113', '115', '116', '117', '118', '119', '125', '129', '153', '154', '155', '156', '157', '158', '159', '160', '161']"
327,6z1v,"['129', '133', '155', '156', '157', '158', '159', '160', '161', '164', '169', '173', '174', '175', '176', '177', '178']"
328,7kd2,"['147', '148', '150', '161', '162', '163', '198', '199', '234', '236', '237', '238', '239', '240', '241', '242', '246', '248', '251', '253', '254', '255']"
329,5g5x,"['240', '241', '242', '243', '244', '245', '246', '248', '249', '250', '252', '253', '256', '257', '260', '261', '269', '270', '271', '272', '273', '331']"
330,6f5g,"['491', '492', '494', '518', '620', '657', '660', '661', '662']"
331,6zrv,"['177', '180', '181', '182', '205', '206', '207', '268', '270', '271', '336', '337', '339', '340', '341', '342', '343', '344', '346', '347', '348', '349', '350']"
332,5c1m,"['97', '100', '101', '103', '165', '168', '169', '172', '173', '175', '176', '177', '179', '180', '181', '255', '258', '259', '261', '262', '263', '264', '265', '266', '267', '270', '271', '274', '275', '278', '340', '341', '342', '345']"
333,6ir1,"['6', '7', '8', '9', '10', '38', '77', '78', '79', '80', '81', '84', '85', '87', '88', '185', '186', '187', '188', '189', '190', '191']"
334,4w6x,"['58', '59', '60', '87', '89', '91', '93', '94', '95', '96', '97', '98', '102', '103', '104', '105', '106', '107', '108', '109', '110', '111', '112', '116', '118']"
335,7nx0,"['98', '100', '101', '102', '103', '104', '105', '108', '110', '157', '220', '221', '222', '223', '224', '225', '277', '278', '290', '291']"
336,5e1h,"['91', '94', '95', '101', '112', '113', '114', '115', '116', '117', '118', '119', '125', '154', '161']"
337,7nkt,[]
338,5vxk,"['68', '69', '164', '168', '171', '172', '174', '175', '178', '179', '180', '185', '186', '187', '188', '273', '274', '276', '277', '280', '281', '283', '284', '287', '288', '291']"
339,5m2i,"['23', '24', '25', '45', '47', '72', '73', '74', '75', '77', '79', '83', '85', '87', '88', '89', '90', '91', '92', '95', '96', '97', '131', '135', '136', '137', '138', '139', '140']"
340,7l6v,"['24', '25', '26', '27', '50', '51', '52', '53', '54', '55', '56', '119', '120', '121', '122', '124', '132', '166', '167', '168', '169', '170', '171', '172', '173', '174', '175', '176', '177', '180', '182', '231', '239']"
341,7l6v,"['63', '64', '65', '66', '67', '68', '69', '70', '73', '159', '161', '162', '163', '194', '220', '239', '242', '244', '252', '253', '254', '255', '256', '257', '258', '259', '262', '363', '366', '369', '370']"
342,7l6v,"['0', '1', '2', '96', '99', '100', '101', '102', '103', '105', '106', '109', '110', '113', '233', '320', '322', '337', '340', '341', '343', '344', '348', '357', '381', '386', '387']"
343,7l6v,"['24', '25', '26', '27', '50', '51', '52', '53', '54', '55', '56', '119', '120', '121', '122', '124', '132', '166', '167', '168', '169', '170', '171', '172', '173', '174', '175', '176', '177', '180', '182', '231', '239']"
344,7l6v,"['63', '64', '65', '66', '67', '68', '69', '70', '73', '159', '161', '162', '163', '194', '220', '239', '242', '244', '252', '253', '254', '255', '256', '257', '258', '259', '262', '363', '366', '369', '370']"
345,7l6v,"['0', '1', '2', '96', '99', '100', '101', '102', '103', '105', '106', '109', '110', '113', '233', '320', '322', '337', '340', '341', '343', '344', '348', '357', '381', '386', '387']"
346,7l6v,"['24', '25', '26', '27', '50', '51', '52', '53', '54', '55', '56', '119', '120', '121', '122', '124', '132', '166', '167', '168', '169', '170', '171', '172', '173', '174', '175', '176', '177', '180', '182', '231', '239']"
347,7l6v,"['63', '64', '65', '66', '67', '68', '69', '70', '73', '159', '161', '162', '163', '194', '220', '239', '242', '244', '252', '253', '254', '255', '256', '257', '258', '259', '262', '363', '366', '369', '370']"
348,7l6v,"['0', '1', '2', '96', '99', '100', '101', '102', '103', '105', '106', '109', '110', '113', '233', '320', '322', '337', '340', '341', '343', '344', '348', '357', '381', '386', '387']"
349,5sv3,"['91', '94', '95', '96', '97', '98', '101', '105', '109', '110', '111', '112', '113', '114', '115', '116', '117', '118', '119', '154', '161']"
350,4laj,"['119', '120', '122', '200', '324', '325', '326', '327', '328', '367', '368', '369', '372', '373', '384', '386', '417', '418', '419', '420', '421', '422', '423', '425', '432', '434', '435', '436', '437', '440']"
351,6qgx,"['495', '497', '498', '500', '501', '502', '503', '505', '537', '538', '540', '560', '561', '562', '664', '674', '675', '676', '677', '678', '679', '698', '699', '700', '701', '702', '703', '704', '798']"
352,7d2z,"['338', '342', '363', '364', '365', '366', '367', '368', '369', '370', '371', '374', '375', '377', '378', '379', '380', '381', '382', '383', '384', '385', '386', '387', '388', '434', '513', '528', '529', '530', '531', '532', '533', '534', '535', '537', '538']"
353,4hep,"['2', '3', '4', '5', '6', '17', '20', '21', '23', '24', '27', '28', '31', '32', '33', '34', '41', '42', '43', '45']"
354,4weu,"['86', '87', '88', '89', '90', '114', '116', '117', '118', '119', '120', '254', '256', '258', '272', '276', '278']"
355,6fv0,"['333', '334', '359', '360', '363', '364', '366', '367', '368', '370', '371', '372', '373', '374', '375', '384', '387', '391', '399', '402', '403', '406', '410', '413']"
356,6ir2,"['19', '92', '93', '94', '95', '96', '106', '107', '108', '110', '123', '124', '125', '154', '158', '178', '179', '180', '182', '184']"
357,6z20,"['155', '156', '157', '158', '159', '160', '161', '164', '169', '173', '174', '175', '176', '177', '178']"
358,7nfq,"['257', '260', '264', '368', '369', '371', '387', '388', '389', '390', '391', '392', '394', '461', '463', '467', '469', '480', '481', '482', '483', '484', '519', '521', '522', '523', '524', '526']"
359,5vxl,"['72', '75', '162', '165', '166', '169', '170', '172', '173', '175', '176', '177', '191', '194', '197', '198', '201', '202', '204', '205', '209']"
360,7eow,"['27', '28', '29', '30', '31', '32', '33', '34', '35', '36', '37', '38', '39', '72', '76', '77', '222', '223', '227', '228']"
361,6uht,"['1104', '1105', '1189', '1190', '1240', '1241', '1242', '1244', '1247', '1248', '1249', '1250', '1251', '1253', '1255', '1262', '1263', '1266', '1269', '1270', '1271', '1272', '1273', '1275', '1276', '1277']"
362,1ri8,"['33', '34', '35', '37', '43', '44', '45', '46', '47', '48', '52', '57', '109', '110', '113', '114']"
363,5lhn,"['34', '36', '37B', '37C', '37D', '37E', '38', '67', '68', '69', '70', '71', '72', '73', '74', '75', '76', '77', '78', '79', '80', '81', '82', '84', '110A', '110B', '141', '153', '154', '155']"
364,7e53,"['7', '15', '17', '19', '89', '90', '93', '109', '110', '111', '113', '114', '115', '116', '122', '123', '124', '187', '188', '189', '190', '191']"
365,4eig,"['17', '18', '19', '20', '21', '22', '23', '25', '27', '28', '31', '48', '49', '50', '51', '52', '53', '54', '55', '94', '119', '145', '146', '147', '148', '149']"
366,6c9w,"['35', '42', '43', '242', '245', '246', '248', '249', '250', '251', '252', '253', '254', '255', '307', '308', '309', '310', '311', '312', '373', '374', '375', '376', '377', '378', '379', '380', '383']"
367,6obc,"['48', '56', '75', '77', '78', '80', '96', '97', '100', '122', '123', '124', '127', '128', '133', '134', '135', '136', '180', '208', '209', '210', '211', '212', '213', '227', '228', '229', '231', '239', '243', '256', '258']"
368,2p4a,"['59', '60', '61', '62', '63', '64', '68', '69', '70', '71', '73', '76', '110', '111', '112', '115']"
369,6oq8,"['144', '147', '148', '150', '151', '152', '154', '155', '156', '158', '159', '213', '214', '215', '216', '534', '537', '538', '539', '540', '541', '542']"
370,3zkx,"['267', '269', '270', '271', '274', '278', '279', '280', '281', '282', '283', '284', '327', '329', '331']"
371,4w6w,"['64', '65', '67', '69', '72', '73', '75', '76', '77', '78', '79', '80', '82', '98', '99', '101', '102', '104', '130', '134']"
372,4wem,"['26', '27', '28', '29', '30', '31', '32', '36', '55', '56', '57', '58', '59', '62', '63', '64', '180', '181', '182', '183', '184', '189', '196', '281', '283']"
373,4tvs,"['405', '406', '490', '493', '494', '497', '498', '499', '500', '553', '554', '555', '556', '559', '562', '563']"
374,6hhu,"['221', '222', '223', '238', '253', '255', '269', '270', '271', '272', '273', '274', '275', '276', '297', '316', '317', '318', '319', '320', '328', '329', '330', '331', '332', '333', '335', '337', '347', '348', '349', '350', '365', '406', '407']"
375,6hhu,"['216', '227', '228', '229', '230', '231', '232', '233', '234', '281', '282', '284', '286', '287', '288', '289', '290', '291']"
376,6hhu,"['221', '222', '223', '238', '253', '255', '269', '270', '271', '272', '273', '274', '275', '276', '297', '316', '317', '318', '319', '320', '328', '329', '330', '331', '332', '333', '335', '337', '347', '348', '349', '350', '365', '406', '407']"
377,6hhu,"['216', '227', '228', '229', '230', '231', '232', '233', '234', '281', '282', '284', '286', '287', '288', '289', '290', '291']"
378,6tej,"['325', '327', '328', '355', '357', '358', '433', '436', '439', '440', '442', '443', '482', '508', '511', '512', '513', '514', '515', '516', '530', '531', '532', '533', '548', '549', '550', '553', '563']"
379,5f1o,"['69', '70', '72', '73', '74', '75', '78', '136', '137', '138', '139', '140', '141', '142', '143', '146', '147', '152', '288', '289', '290', '291', '292']"
380,6obm,"['75', '78', '80', '81', '82', '93', '94', '95', '96', '100', '104', '120', '121', '122', '123', '124', '125', '127', '128', '133', '134', '135', '180', '205', '208', '209', '211', '212', '213', '227', '228', '229', '231', '233', '239', '243', '256', '257', '258']"
381,6h15,"['638', '639', '640', '662', '663', '665', '681', '682', '706', '708', '751', '767', '792', '810', '811', '813', '834', '836', '850', '853', '874', '875', '877']"
382,4lgs,"['91', '94', '95', '101', '105', '112', '113', '114', '115', '116', '117', '118', '119', '125', '154', '161']"
383,6h02,"['696', '702', '705', '1010', '1013', '1014', '1017', '1018', '1060', '1116', '1117', '1118', '1120', '1121', '1157', '1158', '1159', '1162', '1163', '1165', '1166', '1169', '1226', '1229', '1230', '1233', '1234']"
384,6fyw,"['30', '31', '32', '45', '289', '291', '301', '302', '303', '304', '305', '317']"
385,6lr7,"['7', '15', '17', '19', '89', '90', '109', '110', '111', '113', '114', '115', '116', '117', '118', '120', '122', '123', '124', '188', '189', '190']"
386,1zv5,"['34', '35', '43', '44', '45', '46', '47', '48', '52', '57', '68', '109', '110', '112', '113', '114']"
387,6u12,"['81', '83', '85', '103', '105', '107', '125', '127', '151', '168', '169', '171', '190', '191', '193', '195', '212', '213', '215', '234', '235', '237', '239']"
388,6h16,"['639', '663', '681', '682', '706', '708', '724', '725', '749', '751', '767', '768', '792', '810', '811', '813', '833', '834', '836', '850', '851', '874', '875', '877']"
389,4y7m,"['982', '983', '984', '985', '987', '1006', '1007', '1008', '1010', '1059', '1060', '1061', '1062', '1063', '1067', '1079', '1080', '1081', '1083']"
390,5f1k,"['120', '121', '135', '139', '141', '142', '202', '203', '205', '232', '233', '234', '236', '237', '239', '241', '272', '274', '275', '276', '278', '284', '287', '288', '291', '292', '293', '294', '296']"
391,1zvh,"['1', '41', '43', '53', '65', '66', '67', '68', '74', '77', '78', '79', '80', '81', '82', '84', '85', '86', '87']"
392,5e0q,"['715', '716', '717', '718', '719', '721', '740', '742', '743', '744', '745', '768', '770', '771', '772', '773', '775', '776', '777', '788', '792', '793', '795', '796', '799', '800']"
393,7d6y,"['32', '33', '34', '35', '36', '37', '38', '39', '69', '70', '73', '74', '76', '77', '81', '131', '132', '135', '138', '139', '186']"
394,6v7y,"['55', '56', '58', '59', '61', '62', '63', '65', '66', '69', '150', '153', '154', '157', '158', '160', '161', '162', '165']"
395,5o02,"['472', '474', '481', '482', '483', '484', '485', '486', '516', '517', '519', '520', '522', '523', '524', '525', '526', '527']"
396,6oq7,"['20', '22', '23', '25', '26', '29', '30', '33', '37', '48', '51', '54', '55', '58', '61', '62', '63']"
397,5m2j,"['75', '76', '77', '79', '81', '86', '87', '88', '89', '90', '91', '92', '95', '97', '133', '135', '136', '137']"
398,6xzu,"['1529', '1530', '1533', '1634', '1637', '1638', '1644', '1646', '1647', '1648', '1650', '1651', '1653', '1654', '1655', '1658', '1659', '1660', '1662', '1663']"
399,6x05,"['309', '310', '311', '314', '315', '318', '322', '367', '369', '373', '374', '375', '376', '377']"
400,3qsk,"['59', '60', '61', '62', '63', '64', '68', '69', '70', '71', '73', '76', '110', '111', '112', '115']"
401,6yu8,"['1904', '1905', '1907', '1908', '1911', '1938', '1941', '1942', '1944', '1945', '1946', '1948', '1950', '1973', '1974', '1978', '2004', '2005', '2006', '2007', '2008', '2009', '2010', '2011', '2012']"
402,4z9k,"['92', '93', '95', '96', '97', '98', '99', '102', '103', '105', '106', '112', '113', '114', '115', '116', '117', '118', '119', '120', '126', '130', '155', '158', '162']"
403,6f2g,"['63', '64', '65', '66', '67', '68', '72', '76', '80', '140', '209', '212', '213', '214', '215', '216', '292', '295', '296', '299', '300', '303', '304', '305', '314', '315', '316', '318', '320', '321', '322', '323', '376', '431']"
404,6r7t,"['161', '162', '163', '164', '183', '195', '197', '200', '201', '203', '204', '207', '253', '254', '255', '256', '276', '277', '278', '279', '280', '281', '282', '283', '286', '289', '290', '313', '316', '317', '318']"
405,6i6j,"['1', '2', '5', '6', '9', '47', '48', '50', '53', '54', '55', '56', '59', '60', '63', '64', '67', '111', '112', '116', '117', '120', '162', '169', '170', '171', '172', '173', '174', '175', '176', '177', '178']"
406,6ze1,"['423', '424', '425', '427', '428', '429', '430', '431', '432', '435', '436', '470', '473', '474', '475', '476', '477', '478', '479', '481', '485', '487', '488', '567', '568']"
407,2x89,"['40', '41', '42', '43', '44', '45', '46', '47', '73', '75', '76', '77', '78', '79', '81']"
408,2x89,"['6', '8', '9', '10', '26', '28', '29', '60', '61', '62', '63', '65']"
409,4kdt,"['40', '41', '42', '43', '44', '45', '46', '47', '48', '75', '76', '77', '78', '79', '81', '90', '92', '94']"
410,7a6o,"['1262', '1263', '1264', '1265', '1266', '1267', '1268', '1269', '1270', '1271', '1272', '1273', '1274', '1308', '1313', '1455', '1458', '1459', '1463', '1464']"
411,4n1h,"['143', '146', '147', '149', '150', '153', '154', '158', '161', '163']"
412,4n1h,"['143', '146', '147', '149', '150', '153', '154', '158', '161', '163']"
413,7anq,"['456', '457', '458', '459', '460', '461', '462', '463', '464', '474', '476', '477', '478', '479', '480', '481', '491', '521', '525', '526', '528', '648', '649', '650', '651', '655']"
414,7aqy,"['100', '101', '104', '107', '108', '111', '112', '116', '277', '278', '279', '280', '283', '284', '285', '286', '290', '295', '296', '297', '298', '299', '301', '302', '305', '313', '314', '315', '316', '319', '320']"
415,7aqy,"['100', '101', '104', '107', '108', '111', '112', '116', '278', '280', '283', '284', '285', '286', '288', '290', '292', '295', '296', '297', '298', '299', '300', '301', '302', '305', '316', '319', '320', '330']"
416,6h6z,"['235', '236', '237', '462', '464', '465', '466', '467', '498', '499', '500']"
417,6os0,"['53', '57', '60', '61', '62', '63', '64', '67', '122', '125', '126', '129', '130', '131', '133', '134', '135', '137', '138', '140', '215', '222', '270', '1227', '1228', '1229', '1230', '1231', '1232', '1233', '1234', '1235', '1238', '1241', '1245', '1302', '1303', '1305', '1306', '1307', '1308', '1309', '1312']"
418,3stb,"['300', '302', '303', '304', '305', '306', '307', '308', '311', '313', '334', '336', '365', '366', '367', '368', '369', '370', '371', '373', '375', '378']"
419,3stb,"['35', '36', '37', '38', '39', '40', '41', '44', '46', '71', '73', '102', '104', '105', '106', '108', '109', '110', '111', '114', '115', '117']"
420,5fuc,"['19', '20', '22', '23', '26', '75', '78', '80', '182', '183', '184']"
421,5fuc,"['216', '218', '219', '220', '221', '226', '227', '228', '229', '231', '254', '255', '256', '257']"
422,5e7f,"['47', '48', '49', '50', '51', '53', '54', '57', '58', '60', '61', '70']"
423,5e7f,"['47', '48', '49', '50', '51', '53', '54', '57', '58', '68', '69', '70', '71']"
424,5iml,"['1', '3', '4', '6', '7', '8', '36', '38', '40', '43', '44', '45', '91', '93', '95', '107', '108', '109', '110', '111', '113', '115']"
425,4nc0,"['229', '231', '237', '238', '239', '240', '241', '242', '244', '245', '246', '247', '249', '260', '261']"
426,4krm,"['317', '322', '323', '324', '325', '346', '348', '349', '350', '353', '355', '357', '358', '382', '384', '385', '409', '417', '418', '419', '420', '441', '443', '468']"
427,4krm,"['317', '322', '323', '324', '325', '346', '348', '349', '350', '353', '354', '355', '356', '357', '358', '384', '385', '409', '417', '418', '419', '420', '440', '441', '443', '468']"
428,4krl,"['316', '317', '322', '323', '324', '325', '344', '346', '348', '349', '350', '353', '354', '355', '357', '358', '380', '384', '385', '409', '418', '419', '420', '441', '443', '468']"
429,7aqz,"['100', '101', '103', '104', '107', '108', '111', '112', '116', '277', '278', '279', '280', '283', '284', '285', '286', '288', '290', '292', '293', '295', '296', '298', '299', '301', '302', '305', '316']"
430,7aqz,"['100', '101', '103', '104', '107', '108', '111', '112', '116', '277', '278', '279', '280', '283', '284', '285', '286', '288', '290', '292', '295', '296', '298', '299', '301', '302', '305', '312', '313', '314', '316', '319']"
431,2vyr,"['48', '49', '50', '51', '53', '54', '56', '57', '58', '60', '61', '62', '66', '71', '72', '74', '92', '93', '95', '98', '99', '102']"
432,2vyr,"['25', '27', '49', '99', '102', '103', '106', '108', '109']"
433,5nbl,"['47', '50', '51', '52', '53', '54', '92', '95', '96', '99', '101', '102']"
434,5nbl,"['14', '15', '39', '62', '65', '66', '67', '68', '69', '71', '72', '77', '157', '158', '177', '179', '180', '183', '184', '187', '188', '190', '191', '201', '202', '203', '206', '267', '268', '269']"
435,4nby,"['165', '176', '179', '180', '181', '182', '185', '194', '197', '198', '199', '200', '201', '202', '203', '205', '222', '224', '226', '252', '253']"
436,6gkd,"['457', '458', '459', '549', '550', '551', '552', '575', '576', '577', '578', '579', '580', '581', '583', '605', '606', '607', '608', '610', '618', '620', '625', '626', '633', '636']"
437,6gkd,"['512', '514', '515', '518', '519', '521', '522', '527', '530', '531', '534', '535', '536', '537']"
438,6gkd,"['457', '458', '459', '529', '549', '550', '551', '552', '555', '575', '576', '577', '578', '579', '580', '581', '583', '605', '606', '607', '608', '610', '618', '636']"
439,6gkd,"['503', '512', '514', '515', '517', '518', '519', '521', '522', '527', '530', '531', '532', '533', '534', '535', '536', '537', '538']"
440,6gkd,"['512', '514', '515', '518', '519', '521', '522', '527', '530', '531', '532', '533', '534', '535', '536', '537', '538']"
441,6gkd,"['457', '458', '459', '549', '550', '551', '552', '575', '576', '577', '578', '579', '580', '581', '583', '605', '606', '607', '608', '610', '618', '620', '625', '626', '633', '636']"
442,6gkd,"['512', '514', '515', '518', '519', '521', '522', '527', '530', '531', '534', '535', '536', '537']"
443,6gkd,"['457', '458', '459', '529', '549', '550', '551', '552', '555', '575', '576', '577', '578', '579', '580', '581', '583', '605', '606', '607', '608', '610', '618', '636']"
444,6gkd,"['503', '512', '514', '515', '517', '518', '519', '521', '522', '527', '530', '531', '532', '533', '534', '535', '536', '537', '538']"
445,6gkd,"['512', '514', '515', '518', '519', '521', '522', '527', '530', '531', '532', '533', '534', '535', '536', '537', '538']"
446,6gkd,"['457', '458', '459', '549', '550', '551', '552', '575', '576', '577', '578', '579', '580', '581', '583', '605', '606', '607', '608', '610', '618', '620', '625', '626', '633', '636']"
447,6gkd,"['512', '514', '515', '518', '519', '521', '522', '527', '530', '531', '534', '535', '536', '537']"
448,6gkd,"['457', '458', '459', '529', '549', '550', '551', '552', '555', '575', '576', '577', '578', '579', '580', '581', '583', '605', '606', '607', '608', '610', '618', '636']"
449,6gkd,"['503', '512', '514', '515', '517', '518', '519', '521', '522', '527', '530', '531', '532', '533', '534', '535', '536', '537', '538']"
450,6gkd,"['512', '514', '515', '518', '519', '521', '522', '527', '530', '531', '532', '533', '534', '535', '536', '537', '538']"
451,5mzv,"['35', '37', '39', '40', '62', '63', '67', '80', '81', '82', '83', '85', '106', '108', '115', '118', '147', '148', '149', '184', '216', '217', '218', '219']"
452,4hem,"['68', '69', '70', '74', '76', '78', '89', '90', '91', '92', '93', '95', '96', '126', '153', '155', '157']"
453,4hem,"['101', '116', '117', '118', '120', '133', '135', '137', '138', '139', '143', '145']"
454,5j1s,"['131', '132', '136', '137', '138', '140', '142', '143', '145', '146', '147', '149', '150', '151', '154']"
455,5j1s,"['335', '339', '341', '342', '345', '346', '349', '350', '352', '353', '356', '380', '388', '389']"
456,4lde,"['1068', '1072', '1127', '1131', '1134', '1135', '1136', '1138', '1139', '1142', '1219', '1222', '1225', '1226', '1229', '1230', '1231', '1265', '1266', '1267', '1268', '1270', '1271', '1274', '1275', '1278', '1325', '1326', '1328', '1329', '1330']"
457,7bu7,"['1093', '1097', '1152', '1156', '1159', '1160', '1161', '1162', '1163', '1164', '1165', '1244', '1247', '1248', '1250', '1251', '1254', '1255', '1256', '1319', '1321', '1322', '1325', '1326', '1329', '1376', '1377', '1379', '1380', '1381']"
458,7bu6,"['1093', '1097', '1152', '1156', '1159', '1160', '1161', '1162', '1163', '1164', '1244', '1247', '1250', '1251', '1254', '1255', '1317', '1318', '1319', '1321', '1322', '1325', '1326', '1329', '1376', '1377', '1379', '1380', '1381', '1382']"
459,6sc6,"['795', '796', '798', '799', '800', '801', '802', '803', '819', '820', '822', '826', '827', '828', '829', '830', '852', '854', '855', '876', '979', '982', '983']"
460,6sc6,"['770', '775', '776', '778', '779', '782', '783', '786', '787', '791', '792', '793', '794', '795', '796', '798', '802', '803', '804', '805', '819', '873', '874', '875', '876', '877', '892', '893']"
461,5o04,"['267', '269', '270', '271', '272', '273', '274', '276', '277', '320', '321', '325', '470', '471', '472', '473', '474', '475', '477', '479', '501', '502']"
462,5o04,"['226', '227', '434', '435', '477', '478', '482', '484', '496', '525', '526', '527', '528', '529', '530', '532', '533', '534', '535', '536', '537']"
463,5o04,"['224', '225', '267', '269', '270', '271', '272', '273', '274', '276', '316', '319', '320', '321', '325', '470', '471', '472', '473', '474', '475', '501']"
464,6gjs,"['469', '472', '474', '488', '489', '490', '492', '494', '495', '496', '497', '498', '499', '504', '506', '508', '509', '510', '511', '543', '553', '560', '561', '564']"
465,5o04,"['267', '269', '270', '271', '272', '273', '274', '276', '277', '320', '321', '325', '470', '471', '472', '473', '474', '475', '477', '479', '501', '502']"
466,5o04,"['226', '227', '434', '435', '477', '478', '482', '484', '496', '525', '526', '527', '528', '529', '530', '532', '533', '534', '535', '536', '537']"
467,5o04,"['224', '225', '267', '269', '270', '271', '272', '273', '274', '276', '316', '319', '320', '321', '325', '470', '471', '472', '473', '474', '475', '501']"
468,4x7f,"['253', '255', '256', '257', '258', '259', '260', '273', '426', '428', '429', '430', '431', '432', '433', '434', '435', '436', '437', '439', '479', '500', '501', '502', '504', '530', '531', '532']"
469,4x7f,"['253', '255', '256', '258', '259', '260', '273', '426', '428', '429', '430', '431', '432', '433', '434', '435', '436', '437', '479', '500', '502', '504', '530', '531', '532']"
470,4bel,"['74', '75', '77', '78', '79', '81', '98', '100', '109', '110', '112', '113', '114', '148', '150', '154', '155', '157', '158', '159', '161', '162']"
471,5c3l,"['353', '357', '360', '361', '362', '363', '364', '365', '366', '367', '368', '369', '370']"
472,5c3l,"['427', '430', '431', '434', '435', '437', '438', '439', '441', '442']"
473,7lzp,"['99', '100', '101', '102', '103', '105', '106', '109', '110', '113', '233', '319', '320', '322', '337', '340', '341', '343', '344', '348', '356', '357', '359']"
474,7lzp,"['197', '198', '199', '200', '201', '246', '247', '269', '270', '272', '273', '364', '365', '367', '424', '425', '426', '427', '428', '429']"
475,7lzp,"['1', '2', '3', '5', '6', '16', '17', '18', '37', '39', '40', '41', '99', '105', '108', '109', '112', '113', '115', '118', '139', '145', '147', '148', '306', '307', '308', '309', '311', '312', '313', '315', '316', '319']"
476,7lzp,"['197', '198', '199', '200', '201', '202', '203', '205', '206', '207', '246', '269', '270', '272', '273', '364', '365', '367', '424', '425', '426', '427', '428', '429']"
