,Abs PDB,Abs Ag
0,2cmr,['A']
1,7ps2,['B']
2,6was,"['G', 'J']"
3,7vux,['A']
4,2dqc,['Y']
5,6.00E+56,"['A', 'B']"
6,5d96,"['A', 'D']"
7,6mtn,"['A', 'D']"
8,7qnx,['E']
9,3rvw,['A']
10,6vgr,"['A', 'B']"
11,4k94,['C']
12,5ies,['C']
13,5sx4,"['M', 'N']"
14,1cz8,"['V', 'W']"
15,4z5r,"['A', 'D', 'G', 'J', 'M', 'P', 'S', 'V']"
16,4jpw,['G']
17,6p3r,"['E', 'F']"
18,5xez,"['A', 'B']"
19,7bep,"['A', 'F']"
20,6q0e,['A']
21,4hlz,"['A', 'B', 'C', 'D', 'E', 'F']"
22,3o2d,['A']
23,6phc,"['A', 'D']"
24,4rgn,"['A', 'F']"
25,7chc,['R']
26,4xnq,"['C', 'F']"
27,4ogx,['A']
28,3nh7,"['C', 'F', 'I', 'L']"
29,7cho,"['A', 'D']"
30,7ean,['A']
31,7bz5,['A']
32,7ly3,"['A', 'B']"
33,1fj1,"['E', 'F']"
34,6n81,"['A', 'B']"
35,1egj,['A']
36,7shy,"['G', 'H', 'I', 'L']"
37,4g6j,['A']
38,7tn0,"['E', 'F', 'I', 'L']"
39,7kn3,"['A', 'B']"
40,5mvz,"['U', 'V']"
41,6o3b,"['C', 'F']"
42,7lfb,['X']
43,4lqf,['A']
44,6whk,['A']
45,5x8m,['A']
46,6fax,['R']
47,5w5x,['A']
48,6ewb,"['A', 'B', 'C', 'D']"
49,6al0,['A']
50,7joo,['C']
51,4f37,"['A', 'B']"
52,6d2p,['C']
53,1bj1,"['V', 'W']"
54,7kf1,"['C', 'F', 'I', 'L']"
55,5w5z,['A']
56,6j14,['G']
57,6xsw,"['C', 'F', 'J', 'L']"
58,2xtj,"['A', 'C', 'E', 'F']"
59,3liz,['A']
60,2hmi,"['A', 'B', 'C', 'D']"
61,1ar1,"['A', 'B']"
62,4hj0,"['A', 'B']"
63,4zpt,"['R', 'S']"
64,6elu,"['A', 'D', 'G', 'J']"
65,6ion,['A']
66,7cj2,"['C', 'D']"
67,2fjg,"['A', 'B']"
68,6bft,"['C', 'G']"
69,7kq7,['B']
70,5jq6,['A']
71,4y5y,"['C', 'F']"
72,2aep,['A']
73,7d85,"['A', 'D']"
74,6cxy,['C']
75,4ffy,['A']
76,6wzk,"['E', 'F']"
77,4xmp,['G']
78,4g7v,['S']
79,7kyo,"['B', 'C']"
80,1g7i,['C']
81,4ogy,"['A', 'B']"
82,7q0g,['A']
83,1uac,['Y']
84,6.00E+62,"['A', 'D']"
85,6b0s,['C']
86,7kpg,['S']
87,7coe,"['C', 'F']"
88,4lsu,['G']
89,4s1q,['G']
90,5f9o,['G']
91,4rwy,['A']
92,5h35,"['C', 'D', 'E']"
93,4r8w,"['A', 'B']"
94,6o3a,['E']
95,3ejz,"['A', 'B']"
96,6xxv,"['C', 'F']"
97,6ayz,"['D', 'F']"
98,6r8x,['A']
99,5w4l,"['A', 'B', 'G', 'H']"
100,6xkp,"['A', 'B']"
101,3zkn,"['A', 'B']"
102,6pxh,"['A', 'B']"
103,6lyn,"['C', 'E']"
104,2arj,"['Q', 'R']"
105,6nm6,"['A', 'D']"
106,2r56,"['A', 'D']"
107,5usl,"['A', 'B']"
108,7shu,"['C', 'F']"
109,5cbe,"['E', 'F']"
110,5ugy,"['A', 'B', 'C', 'D', 'E', 'F']"
111,4dkf,"['A', 'B']"
112,6wit,"['C', 'F']"
113,5bo1,"['A', 'B']"
114,7kql,['T']
115,6mft,"['E', 'F']"
116,4lsq,['G']
117,6pze,['A']
118,2adf,['A']
119,7keo,"['C', 'D', 'G', 'H']"
120,6uyf,['C']
121,7ps4,"['A', 'D']"
122,3v6o,"['A', 'B']"
123,1iqd,['C']
124,4rrp,"['M', 'N', 'O', 'P', 'Q', 'R']"
125,3a6b,['Y']
126,5o14,"['A', 'B']"
127,3lzf,"['A', 'B']"
128,6a3w,"['C', 'F', 'I', 'L']"
129,7dc8,"['C', 'F']"
130,4g3y,['C']
131,5vic,['E']
132,6jep,"['C', 'F']"
133,3bt2,"['A', 'B', 'E']"
134,4ffv,"['A', 'B']"
135,6osh,['K']
136,5n7w,"['X', 'Y']"
137,4zff,"['C', 'D']"
138,4xny,['G']
139,6ohg,['A']
140,1mhp,"['A', 'D']"
141,6nmu,"['C', 'F']"
142,6bck,['G']
143,4ht1,['T']
144,6rps,"['A', 'B']"
145,2j88,['A']
146,4irz,['A']
147,3be1,['A']
148,4h88,['A']
149,7klh,"['A', 'B']"
150,4jzj,"['A', 'B']"
151,6oy4,['A']
152,6nmr,"['C', 'F', 'I', 'L']"
153,4f3f,['C']
154,7qu1,['C']
155,6apb,"['A', 'B', 'C']"
156,1nfd,[]
157,6lxi,"['A', 'D']"
158,7rfb,"['C', 'D']"
159,6bf4,"['A', 'D']"
160,4dw2,['U']
161,4jkp,['A']
162,7pi7,"['A', 'D']"
163,4yue,['C']
164,6cmg,['A']
165,1fe8,"['A', 'D', 'G']"
166,5c0n,"['A', 'D']"
167,6mto,['T']
168,6mei,['A']
169,7e7y,"['C', 'F']"
170,6gku,['A']
171,7r6x,['C']
172,7nx7,['E']
173,4ydj,"['A', 'D']"
174,6uym,"['A', 'F']"
175,7ps6,['C']
176,4k2u,"['A', 'B']"
177,6j5f,['A']
178,5o1r,"['A', 'B']"
179,6ztr,"['I', 'J']"
180,6nmt,['C']
181,7b0b,['F']
182,5yoy,"['A', 'B', 'C', 'J', 'K', 'L']"
183,4i77,['Z']
184,6ywc,"['C', 'F']"
185,1jrh,['I']
186,6aod,['C']
187,7msq,"['A', 'B']"
188,5xxy,['A']
189,5lqb,['A']
190,4cad,"['C', 'F', 'I', 'L']"
191,7rks,"['R', 'S']"
192,4xnm,"['E', 'F']"
193,4cmh,['A']
194,7m3i,"['C', 'F']"
195,7bej,['E']
196,4d3c,['A']
197,5f96,['G']
198,6fxn,"['A', 'B', 'C', 'J', 'K', 'L']"
199,2dqg,['Y']
200,4aei,"['A', 'B', 'C']"
201,5tih,['A']
202,5w08,"['A', 'B', 'C', 'D', 'E', 'F']"
203,2vdm,"['A', 'B']"
204,6dfj,['E']
205,5w06,['T']
206,1v7m,"['V', 'X']"
207,7s11,"['A', 'D', 'G', 'J']"
208,7c88,"['C', 'F']"
209,5l0q,"['A', 'D']"
210,1osp,['O']
211,4lss,['G']
212,3ma9,['A']
213,5.00E+94,"['G', 'H']"
214,6xc7,['A']
215,7c01,"['A', 'D']"
216,4xvu,"['A', 'B', 'G', 'H', 'M', 'N']"
217,5fcu,['G']
218,6iea,['A']
219,1fsk,"['A', 'D', 'G', 'J']"
220,7orb,"['A', 'F']"
221,5en2,['C']
222,5vyf,"['C', 'F']"
223,4xph,['A']
224,5tzt,"['C', 'D']"
225,7or9,['A']
226,3pgf,['A']
227,4ag4,['A']
228,6oz2,['G']
229,5bk1,"['A', 'B']"
230,2ybr,"['C', 'F', 'I']"
231,5mo9,['X']
232,3thm,['F']
233,2dqf,"['C', 'F']"
234,2vh5,['R']
235,4xrc,"['C', 'F']"
236,4kuc,"['A', 'D']"
237,5bk2,"['A', 'B']"
238,6pi7,"['A', 'D', 'G']"
239,6lz9,"['A', 'B']"
240,6ss2,['A']
241,3lhp,"['S', 'T']"
242,6osv,['K']
243,7jtg,['E']
244,7eam,"['A', 'D']"
245,4om0,['G']
246,6hhc,['A']
247,7phw,"['A', 'D']"
248,6pzf,"['A', 'B']"
249,7mzf,['A']
250,6xm2,"['I', 'J', 'K', 'L']"
251,3u7y,['G']
252,5vjo,"['E', 'F']"
253,4lvh,"['A', 'D', 'G', 'J']"
254,6jbt,['A']
255,3jwd,"['A', 'B', 'E', 'F']"
256,4ye4,['G']
257,7lf8,['A']
258,4rdq,"['A', 'B', 'C', 'D', 'E']"
259,4lst,['G']
260,5w0d,['A']
261,5ush,"['A', 'F']"
262,7k9z,['E']
263,3ngb,"['A', 'D', 'G', 'J']"
264,6wzm,"['E', 'F']"
265,6xkq,['A']
266,1ahw,"['C', 'F']"
267,1wej,['F']
268,7ps0,"['A', 'D']"
269,7cr5,['A']
270,6k65,['A']
271,6u36,"['A', 'B']"
272,7chb,['R']
273,4ypg,"['C', 'D']"
274,6b0a,['A']
275,6j6y,"['A', 'D']"
276,4lsv,['G']
277,5lsp,"['A', 'D', 'G', 'H']"
278,4jpv,['G']
279,6nyq,['C']
280,2oz4,['A']
281,6flc,"['G', 'I']"
282,6h3t,"['C', 'F']"
283,1uj3,['C']
284,6yxd,['A']
285,3sob,['B']
286,4xak,"['A', 'D']"
287,4f15,"['A', 'D', 'G', 'J']"
288,7djz,['C']
289,3mac,['A']
290,4jpk,['A']
291,1e6j,['P']
292,2nyy,['A']
293,2r0l,"['C', 'D']"
294,4ki5,['E']
295,4etq,"['C', 'X']"
296,6urm,"['A', 'D']"
297,5vjq,"['C', 'F', 'I', 'L']"
298,7lfa,"['A', 'C']"
299,5ucb,['B']
300,3k2u,"['A', 'B']"
301,4uta,"['A', 'B']"
302,5ldn,['A']
303,6muf,"['A', 'D']"
304,7ps1,['A']
305,6h2y,['D']
306,3nfp,"['I', 'K']"
307,6wmw,['B']
308,6mg7,"['G', 'N']"
309,6yla,"['A', 'D']"
310,6mtq,['T']
311,5vco,"['E', 'F']"
312,4np4,['A']
313,7jkt,['G']
314,6wh9,"['A', 'H', 'I']"
315,6dkj,"['C', 'F']"
316,6u9s,"['C', 'F']"
317,2ny3,"['A', 'B']"
318,7r6w,['R']
319,4d9r,"['A', 'D']"
320,6svl,"['C', 'F', 'J', 'N', 'Q', 'R']"
321,6nnj,"['A', 'D']"
322,6xzw,['D']
323,6ss4,['A']
324,4kk9,"['A', 'B']"
325,6o9i,['C']
326,2xqb,['A']
327,5w6g,"['A', 'B']"
328,1ndg,['C']
329,5f9w,"['A', 'D']"
330,5uem,['A']
331,6al5,['A']
332,5x0t,"['E', 'F']"
333,5l6y,['C']
334,7bel,"['A', 'F']"
335,5vcn,"['A', 'B']"
336,5occ,['A']
337,7qu2,['C']
338,6nnf,"['A', 'D']"
339,6mej,['C']
340,6vy4,"['A', 'B']"
341,6n6b,['A']
342,4khx,['A']
343,2zch,['P']
344,7bwj,['E']
345,6j11,"['A', 'B', 'C']"
346,7chf,['R']
347,7ceb,"['A', 'B']"
348,5ob5,['A']
349,4m5z,['A']
350,3grw,['A']
351,6z2m,"['A', 'D']"
352,6hx4,"['A', 'B']"
353,4qci,"['C', 'D']"
354,7sem,['B']
355,4ot1,['A']
356,4j4p,"['A', 'B']"
357,6ck9,"['A', 'D']"
358,5d8j,['A']
359,1n8z,['C']
360,6bfs,['C']
361,6i8s,"['A', 'B', 'C', 'D']"
362,3l5y,['C']
363,4ydl,"['A', 'D']"
364,1j1x,['Y']
365,7kf0,"['C', 'F']"
366,6s5a,"['A', 'B']"
367,7lsf,['E']
368,6nms,"['C', 'F']"
369,7rah,['E']
370,7dm2,['A']
371,6dfi,['E']
372,5f3h,"['I', 'J', 'K', 'L']"
373,1yqv,['Y']
374,5vqm,"['A', 'D']"
375,4lf3,"['C', 'F']"
376,3nps,['A']
377,4lu5,"['A', 'B']"
378,7bei,['E']
379,5cba,"['E', 'F']"
380,6pis,"['A', 'B']"
381,5xmh,"['A', 'B']"
382,4xwo,"['A', 'A', 'B', 'B', 'G', 'H', 'M', 'N', 'S', 'T', 'Y', 'Z']"
383,7l0n,"['I', 'J', 'K', 'L']"
384,4yx2,['A']
385,3bn9,"['A', 'D']"
386,3a6c,['Y']
387,7mzj,"['C', 'F']"
388,3hi6,"['A', 'B']"
389,5bjz,"['A', 'D']"
390,6azz,"['E', 'F']"
391,5hbt,"['A', 'D']"
392,3mxw,['A']
393,6ye3,"['C', 'F', 'I']"
394,6plk,"['C', 'F']"
395,7duo,['B']
396,3skj,"['E', 'F']"
397,3wih,"['A', 'D']"
398,5gjs,"['A', 'B']"
399,7kqg,['A']
400,3kr3,['D']
401,3d85,"['C', 'D']"
402,4mwf,"['C', 'D']"
403,1yjd,['C']
404,6glw,"['A', 'B']"
405,4j6r,['G']
406,6icc,['A']
407,6wtu,"['A', 'H', 'K', 'L']"
408,4g6m,['A']
409,6e4x,['A']
410,6c6z,"['A', 'B']"
411,3l5w,"['I', 'J']"
412,5k59,"['A', 'B', 'C', 'D']"
413,6bfq,"['I', 'J', 'K', 'L']"
414,2dd8,['S']
415,3g04,['C']
416,5xwd,['A']
417,7dha,['A']
418,7lcv,['C']
419,1xgr,['C']
420,7np1,"['A', 'B', 'C', 'D']"
421,7kfv,"['A', 'B', 'E']"
422,6oor,"['A', 'B']"
423,7neg,['E']
424,4dn4,['M']
425,6iut,['A']
426,2ypv,['A']
427,6xpx,['A']
428,7m7w,"['R', 'S']"
429,1oak,['A']
430,4jre,"['A', 'D']"
431,5tfw,['O']
432,5k9q,"['A', 'B', 'C', 'D', 'E', 'F', 'M', 'N', 'O', 'P', 'Q', 'R']"
433,4ala,['C']
434,7kpb,"['A', 'B', 'C', 'D', 'E']"
435,4bz1,['A']
436,4jlr,"['C', 'F']"
437,5vag,['A']
438,6.00E+63,"['A', 'D']"
439,2xra,['A']
440,6b0h,"['A', 'B']"
441,3s35,['X']
442,6q18,['A']
443,6aq7,['A']
444,5tz2,['C']
445,2q8a,['A']
446,7ce2,['A']
447,4lou,"['A', 'B']"
448,1sy6,['A']
449,6mfp,"['A', 'B', 'E', 'F']"
450,7chs,['E']
451,2w9e,['A']
452,3w9e,['A']
453,5te6,['G']
454,4ij3,['A']
455,4leo,['C']
456,7c61,['A']
457,4m8q,"['C', 'F']"
458,5veb,"['X', 'Y']"
459,6mi2,"['E', 'F']"
460,4py8,"['A', 'B']"
461,3bdy,['V']
462,6hxw,"['A', 'B']"
463,2qqn,['A']
464,6iap,['A']
465,4jb9,['G']
466,5eii,"['G', 'I']"
467,4xvt,['G']
468,7daa,['A']
469,1fbi,"['X', 'Y']"
470,7l7e,"['Q', 'R', 'S', 'T']"
471,7lm8,['A']
472,4dke,"['A', 'B']"
473,6cyf,"['A', 'D', 'G', 'J']"
474,6o39,['C']
475,7a3o,['A']
476,6ml8,"['A', 'B']"
477,1n6q,"['A', 'B', 'C', 'D']"
478,3ks0,"['A', 'B']"
479,1j1o,['Y']
480,4zs7,['A']
481,2xwt,['C']
482,5ukr,['G']
483,6vc9,['A']
484,4tsa,['A']
485,7bq5,"['A', 'D']"
486,6ieb,"['A', 'B']"
487,7qny,['E']
488,5kjr,"['G', 'N']"
489,6bpc,"['A', 'D']"
490,5utz,"['C', 'F', 'I', 'L']"
491,5nmv,['K']
492,4hkx,['A']
493,6jjp,"['C', 'F']"
494,7o52,['U']
495,6umx,"['A', 'F']"
496,4zso,"['E', 'F']"
497,3hi1,"['A', 'D']"
498,6ddv,['B']
499,4kht,['A']
500,4krp,['A']
501,4plj,"['A', 'B']"
502,6a77,['A']
503,5vkd,['A']
504,7qnw,['C']
505,5te4,['G']
506,7mzh,"['A', 'D']"
507,4edw,['V']
508,7pr0,"['A', 'D', 'G']"
509,5wt9,['G']
510,6wir,['C']
511,6cbv,['B']
512,3p0y,['A']
513,7lr3,"['C', 'D']"
514,6nz7,"['A', 'B', 'E', 'F']"
515,3se8,['G']
516,6ddm,['B']
517,3b2u,"['C', 'F', 'I', 'L', 'O', 'R', 'U', 'X']"
518,5w2b,['A']
519,3s37,['X']
520,7n4j,['A']
521,4z7n,"['A', 'B', 'C', 'D', 'I', 'J']"
522,1lk3,"['A', 'D']"
523,4o9h,['A']
524,6cw2,"['A', 'B']"
525,1nca,['A']
526,6woz,"['A', 'F', 'G', 'L']"
527,7kez,['V']
528,7bbj,"['A', 'B']"
529,6phb,"['A', 'D']"
530,4dtg,['K']
531,5czx,"['A', 'B']"
532,4dgi,['A']
533,2yss,['C']
534,6j15,"['A', 'B']"
535,6tyb,"['A', 'B']"
536,6ddr,['C']
537,6vzi,"['A', 'D']"
538,7chy,['I']
539,7dr4,"['I', 'J', 'K', 'L']"
540,3so3,['A']
541,5mhr,"['A', 'B', 'C', 'D', 'E', 'F']"
542,4wv1,"['A', 'B']"
543,7s13,"['C', 'D']"
544,3u9p,"['C', 'D']"
545,5bv7,['A']
546,1kb5,[]
547,7.00E+86,['A']
548,6o9h,"['C', 'D']"
549,4al8,['C']
550,7s4s,['A']
551,5mi0,['A']
552,6vug,"['A', 'B', 'E']"
553,4gms,"['A', 'B', 'C', 'D', 'E', 'F']"
554,6rlo,"['C', 'F', 'I', 'L']"
555,7kd6,"['A', 'D', 'E', 'F', 'I', 'J', 'K', 'N', 'O', 'P', 'S', 'T']"
556,3sdy,"['A', 'B']"
557,6bpa,"['A', 'D']"
558,5eu7,"['A', 'B']"
559,5k9k,"['C', 'F']"
560,6ogx,['C']
561,6okm,['R']
562,5jxe,"['A', 'B']"
563,4hwb,['A']
564,7n3d,['C']
565,7ket,['C']
566,5b71,"['E', 'F']"
567,5wb9,['G']
568,1ic5,['Y']
569,1nmc,"['A', 'D']"
570,5hdq,['A']
571,5hys,"['I', 'J', 'K', 'L']"
572,6b08,['C']
573,5y2l,"['A', 'B']"
574,1mlc,"['E', 'F']"
575,5kvf,['E']
576,5otj,"['D', 'F']"
577,6b0g,['C']
578,7e9b,['C']
579,4ttd,"['A', 'B']"
580,3eoa,"['I', 'J']"
581,5d70,['A']
582,6p4b,"['C', 'F']"
583,7cqc,['A']
584,6ppg,"['A', 'F']"
585,4zfg,['A']
586,7dm1,"['A', 'B']"
587,3ld8,['A']
588,5a3i,"['A', 'B', 'E', 'F']"
589,6q0h,['A']
590,5ikc,"['M', 'N']"
591,5o4g,['A']
592,7a3q,"['A', 'B']"
593,6p67,"['G', 'I', 'J', 'K']"
594,7pqy,"['A', 'B']"
595,4yqx,"['C', 'F']"
596,2bdn,['A']
597,6ba5,"['M', 'N', 'O', 'P']"
598,5c7x,"['A', 'B']"
599,5b3j,"['A', 'B', 'C', 'E']"
600,4fqj,['A']
601,6kyz,"['A', 'D']"
602,4rgm,"['A', 'D']"
603,6m58,"['A', 'D']"
604,6a67,"['A', 'B']"
605,3tje,['F']
606,2wub,"['A', 'B', 'C', 'D']"
607,7nx3,"['A', 'F']"
608,3pnw,"['C', 'F', 'I', 'L', 'O', 'R', 'U', 'X']"
609,3iu3,"['G', 'H', 'I']"
610,5x2o,"['A', 'B', 'C', 'D']"
611,5kvd,['E']
612,7r8l,['C']
613,7q0i,"['E', 'F']"
614,6pcu,"['A', 'C', 'E']"
615,6pe8,"['T', 'U']"
616,6erx,"['A', 'B', 'C', 'J', 'K', 'L']"
617,1j1p,['Y']
618,6lxj,"['A', 'B', 'C', 'D']"
619,2vxt,['I']
620,4lmq,"['D', 'F']"
621,7cjf,['C']
622,4i2x,"['E', 'F']"
623,1ndm,['C']
624,7lja,"['A', 'B']"
625,6s3d,"['I', 'J', 'K', 'L']"
626,4qti,['U']
627,7f7e,['C']
628,6xe1,['E']
629,2eks,['C']
630,1gc1,"['A', 'B']"
631,5th9,"['C', 'F', 'I']"
632,3sqo,"['A', 'D']"
633,4hc1,"['A', 'D']"
634,7e3o,['R']
635,1pkq,"['C', 'F']"
636,1nsn,['S']
637,7kmh,['C']
638,7shz,"['A', 'H', 'I', 'J']"
639,4uu9,"['C', 'D']"
640,7s0b,"['E', 'F']"
641,6cf2,['F']
642,3bgf,"['A', 'B']"
643,3se9,['G']
644,3qa3,"['C', 'F', 'I', 'L']"
645,6a0z,['A']
646,7seg,"['E', 'F']"
647,3o0r,"['C', 'D']"
648,3t2n,"['A', 'B']"
649,6xcj,['G']
650,4uv7,['A']
651,7kzb,['C']
652,3hmx,"['A', 'B']"
653,5ggs,"['Y', 'Z']"
654,7chp,['E']
655,6nmv,['S']
656,4u6v,"['A', 'B']"
657,7mrz,"['A', 'B']"
658,7jx3,['R']
659,1tzh,"['A', 'B']"
660,5xku,['A']
661,1ua6,['Y']
662,6yax,"['C', 'F']"
663,1h0d,['C']
664,6p50,['C']
665,5d72,"['A', 'B']"
666,7mzk,"['B', 'E']"
667,5usi,"['A', 'D']"
668,6wgl,['C']
669,4bz2,['A']
670,3vi3,"['A', 'B', 'C', 'D']"
671,7n3i,['C']
672,4k3j,"['A', 'B']"
673,4qnp,"['A', 'B']"
674,5wi9,"['A', 'B']"
675,7cm4,['A']
676,7kn4,"['A', 'B']"
677,5fb8,['C']
678,5gzo,"['A', 'D']"
679,5tzu,['C']
680,6vel,['C']
681,6vmj,"['I', 'J', 'K', 'L']"
682,5kw9,['A']
683,3u30,"['A', 'D']"
684,7n4i,['C']
685,5v7j,"['A', 'B']"
686,6bkb,['E']
687,6hf1,"['A', 'D']"
688,6vvu,"['A', 'B', 'C', 'D']"
689,4kv5,"['A', 'B', 'C', 'D']"
690,5vig,"['G', 'Z']"
691,7jn5,['F']
692,5do2,"['A', 'D']"
693,6ktr,"['C', 'D']"
694,3h42,"['A', 'B']"
695,6rp8,"['C', 'C']"
696,4jqi,"['A', 'D']"
697,4hcr,"['A', 'B']"
698,4l5f,['E']
699,4m62,"['S', 'T']"
700,5ggt,['A']
701,6z2l,['A']
702,7n0u,['C']
703,3r1g,['B']
704,1jps,['T']
705,3dvn,"['C', 'D', 'G', 'H']"
706,4qhu,"['C', 'D']"
707,6wzl,"['E', 'F']"
708,6k0y,['C']
709,3qwo,"['C', 'P']"
710,6bit,"['G', 'H']"
711,6u3i,"['A', 'B']"
712,5mes,['A']
713,4ydk,['G']
714,7n3c,['C']
715,2nr6,"['A', 'B']"
716,6vy6,['A']
717,4i3r,['G']
718,1ors,['C']
719,1rjl,"['C', 'D']"
720,1ob1,"['C', 'F']"
721,5tlk,"['I', 'J']"
722,6kz0,"['A', 'D', 'G', 'J']"
723,7b3o,['A']
724,5anm,"['E', 'F', 'G']"
725,6flb,['G']
726,7e5o,['A']
727,6wo4,['B']
728,7jmp,['A']
729,7cdi,['E']
730,7a3u,['A']
731,4tsb,['A']
732,5ngv,['A']
733,7lm9,['A']
734,7mzg,['A']
735,5i9q,"['A', 'B']"
736,6n5e,"['A', 'B', 'C']"
737,5kan,"['A', 'B', 'C', 'D', 'E', 'F']"
738,5dfv,"['A', 'B']"
739,6xc3,['C']
740,3i50,['E']
741,5wux,"['G', 'H', 'I']"
742,2vxq,['A']
743,6mlk,['A']
744,5te7,['G']
745,1bgx,['T']
746,7beh,['A']
747,3x3f,['A']
748,5kve,['E']
749,6u6u,['R']
750,6xkr,['P']
751,7jie,"['A', 'B']"
752,7jmo,['A']
753,5gmq,['A']
754,1vfb,['C']
755,4qww,"['A', 'B']"
756,6oc3,"['E', 'F']"
757,3uc0,"['A', 'B']"
758,4k9e,['C']
759,3wkm,"['A', 'D']"
760,4ywg,"['G', 'Q']"
761,7mmo,"['C', 'F']"
762,6t9d,"['C', 'D']"
763,2qqk,['A']
764,3rkd,"['A', 'B']"
765,7mf1,['A']
766,6iek,"['A', 'D']"
767,7chz,['I']
768,7kfx,['A']
769,7kmi,['C']
770,5wk3,"['A', 'B', 'C', 'D']"
771,3vg9,['A']
772,3lev,['A']
773,5ggv,['Y']
774,5dur,"['C', 'F']"
775,7o9s,['A']
776,7kmg,"['C', 'F']"
777,4edx,"['A', 'D']"
778,4f2m,"['E', 'F']"
779,4lvn,"['A', 'D']"
780,1ztx,['E']
781,4y5v,"['C', 'F', 'I']"
782,5jhl,['A']
783,6iuv,"['A', 'D']"
784,7.00E+72,"['E', 'F']"
785,6q20,['A']
786,6lgw,"['C', 'F']"
787,3q1s,['I']
788,6hga,['B']
789,6wo5,"['I', 'J']"
790,2xqy,"['A', 'B']"
791,5t5f,['A']
792,6yio,['B']
793,1tpx,['A']
794,6n5d,"['A', 'C', 'E']"
795,4kxz,"['A', 'B', 'C', 'D']"
796,4okv,"['E', 'F']"
797,7dk2,"['C', 'F', 'I', 'L']"
798,6wm9,"['A', 'F']"
799,5vpl,['A']
800,1fdl,['Y']
801,3l95,"['C', 'F']"
802,6i9i,"['C', 'D']"
803,1oaz,"['A', 'B']"
804,4nnp,"['A', 'B']"
805,6mhr,"['E', 'F']"
806,7lop,"['A', 'Z']"
807,1p2c,"['C', 'F']"
808,5yy5,"['A', 'B']"
809,2jel,['P']
810,6wix,"['A', 'D']"
811,3b9k,"['C', 'D', 'G', 'H']"
812,7ahu,"['E', 'F', 'G', 'H']"
813,6ute,['C']
814,5nuz,"['D', 'F']"
815,6hig,['B']
816,3lh2,"['A', 'C', 'E', 'J']"
817,4m1g,"['A', 'B']"
818,3a67,['Y']
819,1jhl,['A']
820,4oii,"['A', 'B']"
821,2r29,['A']
822,3mj9,['A']
823,5tud,"['A', 'D']"
824,5d71,['A']
825,7cvt,"['A', 'B']"
826,6o1f,"['A', 'C']"
827,7mdj,['C']
828,5kvg,['E']
829,4xvs,['G']
830,7l7r,['G']
831,2vxs,"['A', 'B', 'C', 'D']"
832,7lr4,"['C', 'D']"
833,7phu,['A']
834,4liq,['A']
835,1ic4,['Y']
836,4cni,"['C', 'D']"
837,5nh3,"['A', 'B']"
838,1kb5,"['A', 'B']"