,Nbs PDB,Nbs Ag
0,6h6y,"['A', 'B', 'C', 'D']"
1,5o02,['A']
2,4xt1,"['A', 'B']"
3,1op9,['B']
4,7apj,['A']
5,5f1k,"['A', 'B']"
6,4wem,['A']
7,6rty,['A']
8,5ip4,"['D', 'E']"
9,3cfi,"['A', 'B', 'D', 'E', 'G', 'H', 'J', 'K']"
10,6csy,['A']
11,5imm,['B']
12,7kn7,['A']
13,6oq7,['A']
14,5mp2,"['A', 'B']"
15,5m15,"['A', 'B']"
16,5van,['A']
17,6os0,"['A', 'B']"
18,6oq8,"['A', 'C']"
19,3stb,"['C', 'D']"
20,5fuc,"['A', 'B', 'C', 'D']"
21,7cz0,"['A', 'B', 'C', 'D']"
22,5o04,"['A', 'B']"
23,6sc6,['A']
24,5mwn,"['A', 'B', 'C']"
25,7now,"['B', 'D']"
26,7n0i,"['A', 'B', 'C', 'D', 'E', 'F', 'G', 'L']"
27,6xw6,"['A', 'B']"
28,7d2z,['B']
29,5bop,"['B', 'D']"
30,4p2c,"['A', 'B', 'C', 'D', 'E', 'F']"
31,7b27,"['A', 'B']"
32,6gk4,"['A', 'D']"
33,7c8v,['B']
34,6hhu,['A']
35,5m2j,['A']
36,4eiz,"['A', 'B']"
37,6ze1,['A']
38,7m1h,['A']
39,7eow,['A']
40,6zg3,"['A', 'B', 'C', 'D', 'F', 'G', 'H', 'I']"
41,5e0q,['B']
42,6ir1,['A']
43,7d6y,['A']
44,4kml,['A']
45,5l21,['A']
46,6z1v,['A']
47,6xw4,"['A', 'B']"
48,5vnw,"['A', 'B']"
49,6h02,['A']
50,5nbl,"['A', 'B', 'C', 'D', 'G', 'H']"
51,5lhr,['A']
52,5f93,"['A', 'B', 'C', 'D']"
53,4weu,"['A', 'B']"
54,5ja8,"['A', 'C', 'E', 'G']"
55,6obg,"['A', 'B']"
56,6h15,"['A', 'D']"
57,4w6y,['A']
58,6i6j,['A']
59,5g5x,['A']
60,7k84,['A']
61,3k7u,['C']
62,6gwp,['A']
63,4krm,"['A', 'C', 'E', 'G', 'I', 'K']"
64,6app,['B']
65,5m2m,"['A', 'B', 'C', 'G', 'I', 'M']"
66,6jb2,['B']
67,4hem,"['A', 'B', 'C']"
68,7aqy,"['A', 'C']"
69,4eig,['A']
70,5usf,"['A', 'B']"
71,3rjq,['A']
72,4n1h,"['A', 'C']"
73,7a17,"['A', 'C', 'E']"
74,7o06,"['C', 'D']"
75,6b20,"['A', 'B', 'C', 'D']"
76,6h70,"['A', 'B']"
77,4ocm,"['A', 'B', 'D', 'E']"
78,4gft,['A']
79,4grw,"['A', 'B', 'C', 'D']"
80,3k80,"['C', 'D']"
81,4x7f,"['A', 'B']"
82,6obc,['A']
83,4wen,['A']
84,6cwg,"['A', 'C']"
85,3k74,['A']
86,6f2g,['A']
87,5iml,['A']
88,3g9a,['A']
89,7kn5,"['A', 'B']"
90,6uc6,"['A', 'C']"
91,6dbf,['A']
92,7anq,['A']
93,7e53,['A']
94,6uht,"['A', 'B']"
95,4s10,"['B', 'D']"
96,6rqm,['B']
97,5m2i,"['A', 'B', 'C', 'D', 'E', 'F']"
98,6gs4,['A']
99,5c3l,"['A', 'B', 'C']"
100,6oca,"['A', 'C']"
101,7kdu,"['A', 'B']"
102,7ar0,['A']
103,4lgp,"['A', 'C']"
104,6qup,['A']
105,6obo,"['A', 'B']"
106,5e7f,"['G', 'H', 'I']"
107,4kfz,"['A', 'B']"
108,6oq6,['A']
109,6r7t,['B']
110,2bse,"['A', 'B', 'C']"
111,5lhn,['A']
112,6rvc,"['A', 'B', 'C']"
113,7kn6,['A']
114,2p4a,"['A', 'C']"
115,6uft,['A']
116,4y7m,"['C', 'D']"
117,5j57,['A']
118,7oaq,['B']
119,4cdg,"['A', 'B']"
120,5o05,"['C', 'D']"
121,6ir2,['A']
122,4w6x,['A']
123,7r98,"['A', 'B', 'C']"
124,5f7l,"['A', 'C']"
125,6vbg,"['A', 'C']"
126,5ja9,"['A', 'B']"
127,4hep,['A']
128,4lhj,['A']
129,5hgg,"['A', 'B']"
130,5f21,['A']
131,5m30,"['A', 'B', 'C']"
132,3zkx,['A']
133,6h7j,"['A', 'B', 'D', 'E']"
134,6obe,['A']
135,6z2m,"['A', 'D']"
136,4ios,"['A', 'B', 'C', 'H']"
137,6h6z,"['A', 'B']"
138,4tvs,"['A', 'B']"
139,5y7z,"['A', 'B']"
140,5c1m,['A']
141,7nkt,['A']
142,4u3x,"['B', 'D']"
143,6oyh,"['B', 'D', 'F', 'H']"
144,7o3b,"['G', 'H', 'I']"
145,1rjc,['B']
146,4lhq,"['A', 'C']"
147,7a6o,['A']
148,6sge,"['A', 'C']"
149,4i1n,['A']
150,7d5u,['A']
151,6qgw,['A']
152,1mel,"['L', 'M']"
153,6fyw,"['A', 'B']"
154,7olz,['C']
155,4x7d,"['A', 'B']"
156,5j1s,"['A', 'B']"
157,7oau,"['A', 'C']"
158,7mfu,"['A', 'D']"
159,5u4l,['A']
160,6fe4,"['A', 'B', 'C', 'D', 'E']"
161,5c2u,['B']
162,4lgr,['A']
163,6yu8,['A']
164,6ssi,"['A', 'B', 'C', 'D', 'E']"
165,7oay,"['A', 'C', 'E', 'G', 'I', 'K']"
166,7lvw,"['A', 'C', 'D', 'E', 'F', 'G']"
167,7nqa,"['A', 'C']"
168,7nfq,"['A', 'C']"
169,6h16,['A']
170,3ezj,"['A', 'B', 'C', 'D']"
171,6f5g,['A']
172,6gjs,['A']
173,6lz2,"['A', 'C']"
174,7n0r,"['A', 'B']"
175,4pou,['A']
176,4krp,['A']
177,6u12,['A']
178,5m14,"['A', 'B']"
179,5f1o,['A']
180,7t5f,"['A', 'B']"
181,4bel,"['A', 'B']"
182,6xzu,['B']
183,6u55,['B']
184,5vxl,['A']
185,6ui1,['A']
186,4nby,['A']
187,6hjy,"['A', 'B', 'C', 'D', 'E']"
188,5e5m,"['A', 'C', 'E', 'G']"
189,7nmu,"['A', 'B']"
190,7azb,['A']
191,7kbk,"['A', 'B']"
192,6x05,['A']
193,6ocd,"['A', 'C']"
194,4laj,"['A', 'B', 'C', 'D', 'F', 'G', 'J', 'K']"
195,5jmo,"['A', 'B', 'G', 'H']"
196,7czd,"['B', 'D']"
197,4qo1,['B']
198,6gju,['A']
199,6qgy,"['A', 'C']"
200,6fv0,['A']
201,6i8g,['A']
202,3p9w,"['A', 'C', 'E', 'G']"
203,1zvh,['A']
204,5o2u,"['A', 'C']"
205,6obm,['A']
206,6rnk,['A']
207,4nc0,['A']
208,6xw5,"['A', 'B']"
209,4w2q,"['B', 'D', 'F', 'H']"
210,5e1h,['A']
211,4nc2,['A']
212,5mzv,"['A', 'B', 'C']"
213,7ldj,"['A', 'B', 'C', 'D']"
214,6do1,"['A', 'B', 'G', 'H']"
215,7kgk,['A']
216,7can,['B']
217,7lzp,"['A', 'C']"
218,2x89,"['D', 'E', 'F', 'G']"
219,1zv5,['A']
220,6ey0,"['A', 'B', 'C', 'D']"
221,6gkd,"['A', 'F', 'I', 'L', 'O', 'R']"
222,5n88,"['D', 'E']"
223,7na9,['A']
224,2vyr,"['A', 'B', 'C', 'D']"
225,7l6v,['A']
226,6h7o,"['A', 'B', 'D', 'E']"
227,6x07,['A']
228,4orz,"['A', 'B']"
229,7bu7,['A']
230,7qiv,"['A', 'B']"
231,5jds,['B']
232,5ovw,"['A', 'B', 'C', 'D', 'E', 'F']"
233,5vxj,"['A', 'C', 'E', 'G', 'I']"
234,7nx0,"['A', 'C', 'E']"
235,1kxt,"['A', 'C', 'E']"
236,4yga,"['A', 'C', 'E', 'G']"
237,6z6v,"['A', 'B', 'C', 'D', 'E', 'F']"
238,4y8d,"['A', 'C']"
239,3ogo,"['A', 'B', 'C', 'D']"
240,7nfr,['A']
241,7kdm,"['A', 'B', 'D', 'E']"
242,6v7y,"['A', 'B']"
243,6qgx,['A']
244,6zrv,['A']
245,1kxv,"['A', 'B']"
246,5vxm,['A']
247,6u54,['B']
248,6waq,"['B', 'D']"
249,3qsk,['A']
250,1kxq,"['A', 'B', 'C', 'D']"
251,6fyt,"['A', 'B']"
252,6h71,"['A', 'B']"
253,4lgs,['A']
254,4w6w,['A']
255,5lwf,"['A', 'B']"
256,7kd2,"['A', 'B']"
257,5sv3,"['B', 'D']"
258,7kjh,"['B', 'C']"
259,4z9k,['A']
260,5mje,['A']
261,7d8b,"['A', 'C']"
262,7aqx,"['A', 'B']"
263,4lde,['A']
264,5o03,"['A', 'B']"
265,6tej,"['A', 'B']"
266,4i0c,"['A', 'B']"
267,4nc1,"['A', 'D']"
268,2p42,"['A', 'C']"
269,2xxm,"['A', 'T']"
270,6gjq,"['A', 'C', 'E', 'G']"
271,7kgj,['A']
272,7aqz,"['A', 'B']"
273,4kdt,"['C', 'D']"
274,6fyu,"['A', 'B', 'D', 'E', 'G', 'H']"
275,4dk6,"['C', 'D']"
276,4fhb,['A']
277,5my6,['A']
278,7vnb,['B']
279,7kd0,"['A', 'B']"
280,5hvh,['A']
281,6xw7,"['A', 'B', 'C', 'D']"
282,1ri8,['B']
283,5dmj,"['A', 'D', 'F']"
284,6ey6,"['A', 'B', 'C', 'D', 'E', 'F', 'G', 'H']"
285,4m3k,['A']
286,6x04,"['A', 'C', 'E', 'G', 'I', 'K']"
287,7bu6,['A']
288,5omn,['B']
289,5o0w,"['A', 'B', 'C', 'D']"
290,6u51,"['B', 'D']"
291,6zcz,['E']
292,6z20,"['A', 'C']"
293,y_AB,"['A', 'B', 'C', 'D']"
294,4krl,['B']
295,6lr7,['A']
296,6v7z,"['A', 'B', 'C', 'D']"
297,5vxk,['B']
298,7dv4,"['A', 'C', 'E', 'G']"
299,6o3c,['A']
300,3k3q,"['B', 'C']"
301,6c9w,['A']
